estar;152;300;421;383;243;357
dizer;186;579;308;262;284;381
presidente;96;290;122;161;329;297
lula;395;294;118;82;100;3
michel_temer;63;276;76;96;250;6
afirmar;110;275;64;90;154;207
ano;156;113;118;128;102;92
governo;23;127;98;145;297;147
país;29;83;114;206;79;307
público;172;161;62;120;63;8
ministro;124;81;58;37;101;25
federal;195;206;26;35;79;2
ex_presidente;243;188;33;24;52;11
brasil;32;75;135;200;76;20
lava_jato;153;215;30;55;23;0
dia;117;59;94;53;80;89
caso;189;74;37;82;73;48
rcifrão;24;363;15;10;22;1
pessoa;46;68;135;136;44;38
coreia;0;1;1;2;1;589
stf;125;48;9;14;36;0
mesmo;72;80;91;116;79;61
acordo;58;238;29;46;31;83
defesa;235;145;6;26;19;92
ver;43;105;133;67;64;67
norte;4;6;7;4;4;553
dar;44;102;123;96;74;48
novo;46;61;51;88;76;118
pedir;104;155;38;28;50;59
processo;276;79;23;47;49;0
político;52;113;58;157;76;14
operação;68;244;16;37;13;18
ministério;107;152;25;37;39;31
empresa;7;298;23;33;15;12
deputado;48;97;12;18;245;1
trump;2;1;27;46;14;415
delação;43;352;9;4;11;0
dever;73;45;60;95;96;67
justiça;162;105;24;47;36;3
eua;4;12;14;29;4;433
odebrecht;20;368;4;4;6;0
decisão;189;37;16;52;42;34
querer;46;59;177;53;63;43
juiz;279;58;16;31;18;0
receber;47;222;31;24;36;14
dinheiro;100;241;35;27;10;1
joesley;9;355;33;11;11;1
ação;100;61;23;43;28;106
dilma;58;201;54;48;44;0
senador;14;117;23;18;119;11
sérgio_moro;248;67;8;19;9;0
brasileiro;21;37;64;114;39;5
falar;32;78;135;42;46;29
república;43;99;24;53;35;7
corrupção;139;67;32;61;27;0
saber;21;93;141;45;35;20
ficar;30;60;114;40;52;27
vez;52;50;83;60;43;76
paulo;38;100;44;31;53;1
nuclear;0;2;2;4;0;381
pt;47;136;54;50;82;1
só;44;49;125;61;39;30
aécio;2;128;40;11;37;0
investigação;56;127;10;42;10;9
propina;14;327;4;2;4;0
política;18;17;51;168;57;47
grupo;9;156;15;39;37;47
partido;25;70;28;48;171;8
relação;37;84;25;50;39;94
câmara;35;64;4;7;223;2
crime;137;60;17;32;16;6
míssil;0;1;0;1;0;364
lei;75;29;28;78;90;7
militar;4;6;23;28;19;225
americano;3;17;14;27;2;307
unido;3;24;14;22;10;279
advogado;157;102;9;10;7;0
contar;20;149;44;41;23;18
polícia;21;98;19;22;17;1
prisão;188;42;8;9;13;1
momento;28;41;39;93;57;46
depoimento;78;204;4;3;2;0
porcento;3;34;10;11;28;19
passar;25;46;63;73;52;10
segurança;20;18;23;43;41;100
chegar;26;58;84;35;35;43
último;32;52;32;38;41;83
fato;105;59;38;48;24;21
empresário;19;216;17;18;10;2
meio;42;67;25;64;25;37
grande;17;41;42;85;33;56
deixar;33;32;43;58;51;51
jbs;4;258;5;3;8;0
pedido;112;86;5;6;18;0
maior;15;47;22;56;17;44
reforma;5;6;11;26;184;4
ataque;3;3;9;10;7;260
nacional;10;38;17;36;68;28
direito;39;11;32;118;30;19
vir;27;56;55;53;29;34
pagar;11;172;19;13;7;7
nota;45;99;4;5;14;10
casa;9;52;42;28;65;33
mundo;5;20;43;50;15;109
precisar;12;22;79;81;44;24
defender;46;26;21;40;67;36
semana;19;37;16;22;57;71
denúncia;71;80;7;8;25;2
campanha;20;148;22;21;32;9
mês;77;36;37;9;31;28
informar;22;77;14;8;16;74
forma;36;40;19;89;23;35
recurso;102;67;11;14;19;6
sul;2;16;3;5;3;195
valor;15;156;11;16;9;4
rio;39;25;24;24;49;1
levar;45;33;36;40;23;43
bem;26;34;54;64;21;26
informação;40;110;15;16;7;12
cunha;22;174;11;2;13;0
sírio;0;0;3;1;0;219
próprio;52;55;20;41;32;31
prova;112;78;6;10;3;14
apresentar;84;45;11;17;34;11
projeto;12;20;12;26;131;9
coisa;12;20;140;28;22;12
crise;5;10;17;104;27;38
pf;19;91;12;7;0;0
preso;65;89;13;7;11;0
china;0;5;5;9;1;204
pagamento;13;187;5;2;3;0
força;13;9;21;38;26;112
tempo;17;27;50;80;26;32
acontecer;14;13;77;34;40;46
continuar;14;30;31;54;21;66
medida;25;25;12;30;53;36
econômico;12;27;20;65;30;31
conversa;4;109;20;19;16;23
relator;89;11;4;2;36;0
kim;0;0;1;0;0;249
condenar;159;24;5;7;9;22
autoridade;33;58;5;25;37;31
social;5;13;54;91;22;5
situação;8;19;34;95;23;37
conseguir;11;44;59;34;30;35
eleição;16;18;19;29;141;7
batista;3;208;8;4;5;1
passado;16;32;20;23;32;33
pouco;8;18;61;55;19;34
pmdb;16;96;14;6;68;0
gente;1;17;130;29;21;3
cargo;35;30;15;37;50;6
realizar;20;27;6;15;11;100
manter;48;50;15;23;23;29
líder;8;11;15;26;55;106
eduardo;24;152;8;8;12;0
rodrigo;1;32;9;2;73;0
base;22;17;8;22;41;96
eleitoral;60;63;14;22;43;5
senado;9;13;4;10;141;1
arma;2;1;10;12;2;173
achar;9;12;83;57;38;10
voto;55;16;13;15;77;0
marcelo;24;150;14;5;3;0
declarar;13;63;15;22;22;63
começar;28;20;44;37;23;27
tomar;25;11;13;70;23;36
divulgar;15;43;13;13;16;39
parlamentar;15;29;14;8;100;0
apartamento;12;22;3;3;3;0
ocorrer;40;42;14;24;14;37
dono;4;145;9;4;4;0
julgamento;118;8;10;23;12;0
petista;56;38;22;27;37;1
tribunal;162;18;3;6;5;1
questão;19;25;29;45;34;39
executivo;11;118;1;12;29;5
colocar;10;26;30;45;38;38
candidato;5;24;16;15;124;4
final;42;39;15;24;30;17
bom;5;11;66;49;24;14
sistema;12;24;19;44;18;41
filho;24;52;68;5;21;6
responder;33;34;24;13;16;44
possível;23;27;18;26;30;52
congresso;6;8;7;19;136;9
próximo;20;17;17;23;58;30
fachin;12;17;0;1;0;0
considerar;41;19;11;28;17;29
documento;49;65;7;8;12;2
delator;28;139;2;2;2;0
janot;7;27;4;6;2;0
guerra;2;6;11;25;4;143
proposta;11;6;10;13;108;10
petrobras;25;128;3;4;2;0
aprovar;6;22;6;6;133;12
problema;7;7;46;68;11;32
acabar;17;15;52;35;22;41
procurador;46;79;6;12;2;0
mpf;60;74;4;1;2;0
presidência;17;37;11;19;61;7
usar;14;36;28;25;14;48
apoio;12;37;15;24;39;41
joão;33;82;10;9;22;0
voltar;18;12;25;27;40;23
reunião;6;40;9;16;23;49
sair;9;29;58;20;30;10
negar;55;54;4;5;13;15
pena;123;16;6;10;9;2
mostrar;11;31;20;48;16;35
principal;16;24;10;20;35;35
mandato;27;18;9;20;32;1
investigar;16;52;3;3;8;2
instância;129;4;2;5;8;2
hora;14;12;37;18;13;43
região;52;7;16;17;5;40
josé;31;72;11;11;20;0
entrar;20;19;20;30;24;33
ato;42;12;7;22;10;9
psdb;15;38;4;8;93;0
palocci;12;132;2;3;3;0
ex_ministro;16;133;4;3;9;1
entrevista;6;37;21;27;44;19
acusação;58;58;6;10;7;8
rússia;1;0;2;7;1;158
confirmar;26;62;7;12;10;29
teste;1;0;1;0;2;166
citar;29;59;16;16;15;13
cidade;11;12;13;21;10;24
responsável;50;51;6;16;10;14
ameaça;8;9;6;13;7;125
acusar;53;49;5;5;8;13
trabalhar;7;13;38;40;10;20
sociedade;10;3;23;112;11;1
regime;19;2;6;10;7;115
brasília;15;30;12;5;23;8
época;13;73;17;25;10;4
neve;0;70;3;3;6;0
internacional;6;15;5;33;10;80
existir;10;21;25;41;21;13
votar;30;6;8;7;89;4
claro;10;21;28;55;25;23
importante;7;4;22;64;17;25
g1;15;31;32;23;16;1
esperar;14;12;36;38;24;33
encontrar;3;46;41;17;8;20
decidir;51;17;10;9;23;14
janeiro;30;14;8;12;29;11
criminoso;60;50;7;8;4;1
criar;5;25;10;49;15;20
exemplo;8;21;19;36;33;15
condenação;124;10;7;7;10;5
programa;2;14;15;12;15;78
partir;17;53;9;24;8;19
melhor;10;9;27;63;21;21
assunto;6;40;13;31;24;14
cercar;9;44;7;6;7;32
tratar;24;53;14;14;22;18
premiar;12;135;2;1;2;0
ordem;29;7;9;36;13;35
família;10;22;32;10;12;1
parecer;16;7;22;44;33;33
número;6;23;14;26;17;13
maia;5;8;2;4;135;0
atual;9;30;11;26;48;20
área;4;20;21;22;13;19
ponto;16;20;16;53;19;11
foro;12;0;5;16;35;1
serviço;8;33;15;21;8;18
enviar;15;35;4;8;17;44
contrato;5;90;4;1;2;0
vídeo;12;53;35;9;14;10
participar;18;24;9;10;32;20
oas;19;16;2;1;0;0
ler;20;49;21;13;7;7
lado;7;14;26;43;16;37
conselho;22;24;5;8;23;51
acreditar;10;8;17;51;27;37
questionar;18;37;8;15;32;18
banco;6;50;4;3;8;8
tipo;9;14;19;31;8;43
declaração;33;20;12;12;13;37
rede;8;15;47;30;14;11
local;7;13;19;17;10;28
envolver;34;51;7;15;9;11
vida;8;6;50;41;7;13
supremo;20;7;6;9;15;5
encontro;10;46;10;12;11;31
seguir;14;19;7;30;14;30
entender;20;19;36;27;23;14
anunciar;9;13;5;11;28;54
único;16;16;28;19;10;25
instituto;11;34;3;7;4;8
impeachment;11;31;16;20;50;0
atuar;12;53;7;15;7;8
inquérito;8;25;3;3;3;0
civil;13;20;8;16;20;25
chamar;12;30;41;8;20;17
carne;0;67;1;5;0;0
início;19;20;9;16;19;22
governador;7;30;6;10;66;4
empreiteiro;7;101;3;1;1;0
cumprir;33;18;5;19;16;8
população;3;2;20;45;19;8
pgr;10;68;5;0;1;0
mandar;20;24;19;8;11;4
discurso;8;4;27;27;53;17
mudança;6;2;12;39;46;21
geral;6;38;8;18;19;9
entregar;7;95;6;3;7;3
movimento;2;4;24;27;20;10
triplex;47;0;0;1;2;0
réu;71;29;2;1;2;0
pyongyang;0;0;0;1;0;150
organização;33;25;4;17;3;16
mulher;7;13;36;32;12;3
intervenção;2;4;18;28;52;7
imóvel;9;12;1;1;0;0
rousseff;18;75;11;6;14;0
interesse;11;33;7;24;15;27
homem;11;6;36;19;11;15
tornar;14;17;18;35;12;18
planalto;7;24;7;9;59;0
longo;10;22;18;24;9;39
história;10;16;30;47;5;10
prestar;21;66;8;7;5;3
oficial;7;40;7;10;7;35
necessário;10;11;11;36;28;25
corte;45;7;4;6;6;1
atingir;6;18;8;8;5;78
senhor;6;19;27;28;19;2
objectivo;24;26;5;22;13;33
explicar;12;34;17;25;7;8
chefe;6;45;8;10;12;24
perder;8;9;28;24;17;16
donald;0;0;4;1;2;132
conta;21;68;7;5;15;0
setor;4;41;10;20;7;6
povo;4;1;54;22;28;12
apontar;21;48;5;10;14;8
diverso;14;36;6;15;11;18
publicar;10;20;29;12;10;17
previdência;0;5;2;5;113;0
lavagem;102;17;0;0;1;0
imprensa;14;26;12;11;6;14
diretor;6;56;11;10;8;6
comprar;2;59;16;4;2;4
policial;12;13;9;20;8;0
jornal;5;42;16;21;6;21
constituição;12;2;3;39;51;10
prever;35;10;3;14;27;9
silva;7;45;3;14;13;0
renan;1;6;5;5;62;0
assumir;4;13;7;30;24;8
alvo;12;33;2;3;12;27
ajudar;7;17;19;24;17;18
texto;21;16;12;11;45;2
relatar;9;72;8;2;4;6
penal;74;8;3;9;2;0
favor;22;33;7;11;24;3
caixa;4;76;10;6;8;0
violência;1;0;14;60;12;0
investigado;19;49;0;3;3;0
destacar;21;18;7;29;7;18
permitir;24;13;8;23;29;14
palácio;2;43;1;8;33;1
esquema;21;81;2;1;4;1
pensar;4;5;36;41;21;10
morte;2;4;9;12;2;14
lançar;1;3;4;3;14;92
exterior;3;45;8;8;7;37
evitar;20;23;8;16;16;26
possibilidade;30;7;6;17;27;18
norte_coreano;0;0;0;0;0;128
chamado;9;32;9;16;12;11
superior;83;13;5;9;2;1
mundial;0;1;9;23;7;45
incluir;9;18;7;9;13;42
russo;0;0;2;5;2;107
economia;2;2;8;25;11;19
risco;9;2;10;21;4;24
mudar;9;9;17;40;15;13
luiz;18;21;6;3;10;0
lembrar;11;23;19;17;11;9
indicar;8;37;10;4;13;11
comissão;10;20;3;5;61;1
cidadão;5;6;24;40;8;9
autorizar;8;26;4;4;6;11
usado;8;34;6;12;7;22
noite;9;10;18;6;20;20
marco;4;13;9;11;25;3
revelar;10;61;4;6;5;14
período;15;22;2;23;8;4
lourar;0;42;1;0;0;0
união;10;10;3;11;13;19
suposto;17;44;4;3;4;12
mendes;40;4;6;2;7;0
instituição;2;7;3;64;10;8
frente;4;6;21;18;14;11
viver;0;4;33;39;8;8
condição;14;11;10;34;22;8
tse;64;30;8;2;3;0
jong_un;0;0;0;0;0;119
diálogo;3;23;12;15;7;36
agência;2;4;4;8;2;63
procurar;2;32;13;22;7;6
posição;10;5;9;30;24;24
plano;4;7;21;10;18;26
mercado;0;20;17;15;9;3
garantir;12;18;9;25;10;13
ganhar;6;11;27;16;23;15
capital;9;9;4;5;5;16
junto;10;36;9;11;7;3
japão;0;0;1;2;2;102
demonstrar;20;16;4;25;8;24
acompanhar;17;16;8;11;7;11
total;8;37;5;5;4;14
prático;33;19;7;19;6;8
notícia;5;11;18;15;7;36
imagem;10;13;16;17;9;32
gravação;21;63;2;5;0;0
fossar;13;28;11;24;6;12
comando;6;8;5;9;10;33
analisar;44;6;9;7;19;10
votação;2;4;0;4;95;1
turma;48;3;7;3;4;0
roberto;21;18;5;2;15;0
razão;31;9;13;22;10;8
maneira;2;11;27;23;16;24
fernando;9;42;5;6;26;0
curitiba;62;24;3;2;1;0
compra;8;50;1;3;2;2
rocha;0;33;4;0;2;0
ouvir;7;26;19;10;9;2
manifestar;20;16;4;13;11;9
lançamento;1;1;1;4;1;100
centro;2;8;7;21;14;18
causa;11;12;11;31;10;7
aéreo;0;4;4;2;1;71
alto;7;13;8;11;6;17
valer;14;11;8;19;17;10
santo;21;43;7;10;4;0
rua;0;5;28;19;14;1
reportagem;7;46;7;7;7;2
químico;1;5;0;0;0;94
privilegiado;9;9;3;9;20;0
prefeito;3;9;16;14;32;0
fase;27;32;7;6;3;8
exercício;10;0;6;8;5;61
balístico;0;0;0;0;0;111
aliado;2;9;7;7;21;55
julgar;60;0;2;15;9;0
certo;4;6;30;34;6;19
resposta;5;11;13;15;4;44
palavra;19;19;18;19;6;12
ideia;4;1;11;51;12;10
fiscal;1;59;3;6;14;0
financeiro;1;42;6;10;4;4
quinta_feira;19;13;2;3;19;11
negociação;3;26;3;6;13;35
lugar;4;5;23;23;7;9
exército;1;3;8;12;6;57
edson;4;3;0;0;1;0
determinar;45;10;1;3;11;8
passivo;63;8;1;0;2;0
assinar;14;19;5;8;30;5
sexta_feira;6;18;5;2;8;25
representar;14;10;9;15;7;23
obra;2;40;11;8;4;0
manhã;10;6;4;1;16;21
cometer;20;12;10;11;11;6
avaliar;3;10;7;12;39;12
abrir;14;24;14;20;6;6
água;0;3;27;11;1;21
unidade;6;18;2;10;7;14
estatal;7;21;8;5;5;28
discutir;13;12;6;12;36;9
uscifrão;3;38;2;1;0;7
sentença;80;7;2;0;0;0
resultado;7;5;6;34;20;8
mão;8;8;24;19;12;12
março;14;28;3;2;7;9
denunciar;26;23;5;5;2;6
plenário;9;1;8;0;52;0
jornalista;7;11;21;8;13;7
terça_feira;14;13;2;1;17;24
sofrer;8;9;24;24;9;11
judiciário;24;2;7;30;19;0
irmão;2;65;3;2;3;0
diferente;6;5;12;40;8;10
cair;7;9;18;8;10;26
atacar;9;4;8;8;9;55
professor;6;2;13;33;7;11
preciso;6;10;16;46;14;3
futuro;8;3;11;33;23;9
democracia;5;0;7;60;5;7
alegar;34;18;3;5;5;21
tentativa;14;14;2;20;9;22
paraná;26;30;5;4;4;0
íntegro;24;24;1;4;5;2
sentido;12;8;8;28;11;10
segunda_feira;15;23;1;3;18;19
quarta_feira;19;6;2;3;17;11
mensagem;3;24;19;12;13;18
gilmar;38;2;7;4;6;0
forte;4;4;8;25;13;17
central;3;5;6;8;11;5
órgão;17;23;3;24;4;2
uso;7;12;3;19;3;23
real;7;27;8;6;3;22
henrique;6;33;3;0;43;0
funaro;1;81;1;0;2;0
doação;3;73;2;3;6;0
acesso;14;29;9;11;5;3
abril;9;12;6;3;11;33
setembro;16;15;3;2;7;20
ressaltar;13;27;4;8;8;14
negócio;1;31;8;6;13;5
atividade;5;18;3;14;7;21
acrescentar;10;18;11;11;10;29
reunir;5;6;3;7;16;14
regra;14;3;2;15;32;4
prazo;28;6;8;11;7;3
listar;4;20;5;4;7;6
imposto;13;15;4;6;4;5
funcionário;3;29;9;3;4;13
busca;6;20;6;3;4;10
avião;0;6;8;7;1;29
amigo;6;16;43;2;5;1
secretário;3;16;2;3;10;43
resolver;2;18;13;14;8;29
produto;6;15;4;1;0;3
onu;0;1;0;4;1;85
aumentar;14;6;6;14;7;29
fundo;2;20;7;8;8;5
liberdade;31;4;6;28;1;1
fazenda;0;39;1;4;30;0
europeu;0;1;2;12;0;16
especialista;1;0;2;15;6;57
especial;5;11;3;14;18;8
desenvolvimento;0;9;4;13;2;19
seguinte;2;15;12;14;17;8
saúde;1;3;31;16;3;1
ricardo;11;45;3;0;6;0
retirar;4;14;10;8;21;12
respeito;11;14;16;32;9;3
referir;4;30;13;4;5;11
manifestação;12;4;7;17;15;1
ilícito;20;42;5;3;2;0
grave;18;8;10;29;7;6
branco;7;4;12;17;4;33
análise;25;10;5;7;19;7
volta;6;5;14;12;7;8
troca;5;36;5;3;5;14
tirar;0;6;35;14;10;5
tema;4;5;6;18;34;9
médico;4;2;28;10;3;1
membro;20;6;3;18;15;16
impedir;12;8;3;15;17;13
globo;5;45;7;0;5;1
gestão;3;6;11;25;13;5
conversar;4;23;17;8;9;14
carlos;13;39;1;2;14;0
bndes;3;41;0;0;2;0
agricultura;1;46;1;2;2;0
falta;17;4;11;15;9;4
ex_deputado;12;53;2;0;3;0
coréia;0;0;1;0;0;85
bolsonaro;4;3;12;8;55;0
responsabilidade;9;4;1;34;15;8
obter;11;44;1;6;2;9
negociar;3;36;12;2;9;13
trazer;8;14;9;29;8;9
desembargador;75;1;4;1;0;0
conhecer;10;26;23;10;2;5
benefício;22;34;1;6;3;2
apoiar;3;5;8;6;22;32
tv;4;25;12;1;11;13
pretender;16;3;11;19;14;14
conjunto;6;13;1;10;9;31
buscar;8;14;10;19;6;16
assessoria;11;27;6;4;7;1
presidencial;5;13;7;7;43;9
função;19;8;2;11;25;0
chinês;0;0;1;4;0;74
aparecer;4;27;16;11;12;4
sr;4;11;14;21;17;3
neto;37;11;3;6;16;2
f;2;60;1;2;2;10
estratégia;4;13;4;18;18;18
contrário;8;4;10;15;30;3
comentar;6;21;10;6;20;10
cara;3;2;42;4;13;4
aceitar;14;10;9;13;9;18
vítima;9;2;5;22;2;14
sanção;2;1;1;0;2;76
registrar;6;19;3;4;5;3
recorrer;56;4;7;1;1;5
difícil;0;5;23;17;9;18
vender;0;13;12;13;6;4
solicitar;11;34;2;4;3;1
sede;14;14;4;3;5;5
procurador_geral;3;9;0;1;3;0
criticar;18;1;3;4;27;20
administração;17;13;5;20;5;13
tarde;4;9;3;4;18;10
solução;2;6;10;29;9;18
pesquisa;1;2;6;14;23;2
fechar;2;40;4;5;3;5
domingo;1;16;4;1;8;27
direto;5;11;5;8;14;19
contato;7;38;7;8;2;0
campo;3;6;7;22;9;3
trecho;9;44;4;2;5;0
santana;6;68;0;0;0;0
quarto;7;11;2;5;21;14
morto;3;2;8;7;4;25
magistrado;47;7;2;8;4;0
jurídico;28;8;2;20;8;0
investimento;1;18;4;5;4;5
fonte;9;11;6;10;0;16
exigir;7;10;4;20;7;17
dúvida;10;10;3;22;7;17
costa;0;22;3;11;14;13
agente;18;18;3;7;2;5
washington;0;0;0;4;1;76
vista;7;6;11;26;6;2
trabalhador;0;1;6;6;5;0
quinto;11;13;2;5;16;22
pinheiro;8;8;2;0;1;0
pai;3;14;32;5;6;7
mouro;10;58;0;1;2;0
legislativo;3;5;5;9;41;0
combate;2;4;1;26;9;22
caminho;2;7;7;25;6;21
alcance;0;1;1;3;3;63
agir;10;6;21;12;6;12
privado;3;20;10;12;3;0
porto;20;10;3;6;2;7
opinião;11;4;4;30;15;7
luta;4;1;13;38;2;14
destruir;1;3;9;8;1;37
cármen;5;2;5;6;2;0
caber;31;2;3;6;15;2
abuso;27;7;5;3;28;3
trf_4;73;2;0;1;3;0
sigilo;5;27;0;5;1;3
saída;1;4;7;9;21;16
reconhecer;12;19;14;10;12;2
nação;2;1;6;16;2;47
frigorífico;0;67;2;1;0;0
referência;4;13;6;1;2;18
perguntar;2;37;20;8;7;1
maio;9;16;5;7;12;8
lúcia;5;5;5;4;2;0
equipa;6;9;6;15;12;12
enfrentar;2;0;5;35;7;17
dado;4;17;6;10;2;3
conhecido;3;18;16;7;10;9
atender;8;13;8;9;5;3
aberto;7;12;6;6;11;12
território;1;1;1;4;1;65
marcar;26;9;8;13;7;5
ilegal;15;28;4;5;1;9
crítica;6;5;6;11;26;10
capaz;3;1;10;13;6;45
capacidade;1;5;5;13;5;35
afastado;8;24;3;5;5;1
termo;10;20;2;20;4;7
sp;19;13;6;3;9;0
necessidade;8;5;7;16;10;8
morrer;0;4;26;4;2;11
fevereiro;8;14;0;3;13;8
eventual;24;4;3;4;18;3
estudo;0;1;6;13;0;20
conflito;2;0;4;4;1;60
beneficiar;9;36;4;6;8;3
revista;2;25;8;6;3;0
popular;0;0;6;19;18;7
pergunta;11;7;15;6;9;4
participação;12;24;3;4;4;7
ocupar;5;8;9;6;11;2
marisa;8;1;1;0;0;0
tucano;2;30;3;2;22;0
servir;3;1;10;23;1;13
secretaria;5;5;1;0;13;0
saud;1;57;1;1;2;0
prédio;0;2;2;3;2;0
oposição;2;2;2;7;45;9
oferecer;5;19;5;8;4;5
escrever;16;11;8;22;1;7
definir;12;9;4;16;18;2
construir;2;8;5;16;8;12
bbc;0;2;7;22;19;20
teori;4;1;9;1;0;0
ocasião;14;25;2;3;7;9
intenção;3;7;3;18;10;10
funcionar;2;25;6;14;4;7
esquerdo;2;0;10;45;2;0
agosto;8;12;0;8;4;13
mínimo;5;6;6;9;15;3
minuto;4;20;21;1;2;19
abertura;7;9;3;3;4;7
médio;1;2;11;5;6;15
dito;7;18;14;7;14;8
disputa;1;7;5;9;30;9
dirceu;20;28;12;0;5;0
candidatura;7;2;3;4;50;0
cadeia;24;15;4;5;5;4
antonio;6;44;1;4;7;2
ajuda;0;23;10;2;5;21
venda;1;14;2;2;3;2
praticar;25;17;5;10;1;2
legal;15;8;5;23;3;2
homicídio;1;4;2;2;1;3
devido;13;13;2;22;2;8
conhecimento;7;36;3;7;1;2
apurar;10;22;1;3;4;1
aeroporto;1;10;5;5;0;0
reforçar;12;7;0;8;5;24
prometer;2;12;7;3;3;34
olhar;2;9;40;8;5;2
linha;3;8;6;9;8;19
interno;2;8;2;9;12;2
fechado;18;16;4;7;3;3
dezembro;9;12;1;5;17;5
destinar;6;29;1;4;5;6
consequência;13;3;7;15;7;21
bancada;1;6;2;3;49;0
aprovação;2;11;1;8;27;3
agenda;2;4;7;14;25;4
terceiro;13;10;8;3;5;10
protesto;1;0;3;0;13;4
papel;6;10;5;28;9;9
lima;4;52;2;1;0;0
ligar;1;17;21;4;6;4
controlo;6;8;2;15;4;10
comunicado;1;9;3;2;3;42
citado;7;34;7;1;3;3
armado;2;2;5;7;15;22
ameaçar;2;5;5;6;4;44
zona;2;6;3;2;4;12
utilizar;6;14;4;11;1;13
série;2;10;0;10;10;13
significar;2;3;4;28;7;14
relatório;11;6;3;1;28;4
pessoal;6;14;14;12;3;1
gravar;3;44;6;1;0;0
gerar;2;7;9;14;11;2
financiamento;2;13;3;3;2;1
espécie;4;29;8;14;1;2
departamento;3;31;1;3;0;17
atuação;8;15;2;13;2;3
ética;20;7;2;17;11;1
sugerir;10;16;4;7;3;9
procuradoria;7;30;2;0;1;0
península;0;0;0;2;0;66
menor;3;7;4;9;4;6
mal;1;0;25;18;7;5
livre;6;5;6;23;2;6
junho;12;15;2;2;3;7
influência;9;21;5;6;3;10
cúpula;2;7;3;16;10;18
cabral;28;27;2;0;1;0
assad;1;2;0;1;0;60
presente;9;10;14;6;3;7
motivo;11;13;8;10;5;10
integrante;7;10;3;5;19;1
humano;1;1;3;47;0;6
garantia;6;3;2;15;10;9
estadual;12;7;3;6;13;0
estabelecer;10;5;2;8;20;5
escolher;4;7;18;9;11;2
delegado;9;4;2;3;2;0
baixo;1;4;6;5;7;8
vereador;0;5;4;4;39;0
suficiente;13;2;7;16;2;13
reduzir;1;3;6;10;7;11
preventivo;36;0;1;1;1;15
preocupação;3;9;8;13;4;11
pacífico;1;0;1;7;0;57
geddel;2;43;3;0;1;0
concordar;7;10;3;7;4;24
concluir;19;10;4;5;6;6
companhia;1;8;3;3;0;1
chapa;45;13;1;0;5;0
calheiros;0;6;0;1;33;0
bomba;1;6;3;3;2;43
vaccari;24;19;2;0;0;0
stj;50;2;1;0;0;0
servidor;6;12;4;4;16;0
representante;5;16;2;7;3;11
outubro;11;12;1;4;19;5
opção;2;1;2;4;2;38
gabinete;0;11;6;4;5;2
falso;4;21;3;12;1;9
discussão;2;1;9;10;24;4
depender;5;5;7;13;13;4
classe;0;0;5;31;1;6
anterior;12;2;5;11;7;11
tensão;0;0;0;5;0;57
registro;13;6;2;7;7;0
provocar;3;1;6;7;7;26
pequeno;3;6;8;9;3;5
pegar;5;15;25;4;4;0
navio;2;3;6;6;0;35
manifestante;0;0;2;0;10;2
investigador;3;47;1;2;0;0
esclarecer;13;14;7;10;2;1
crédito;0;23;4;2;4;1
artigo;26;1;7;7;10;4
antigo;4;7;9;3;7;8
vantagem;4;37;3;5;2;2
twitter;3;0;6;13;7;29
salário;0;8;3;2;6;0
pronto;2;5;7;5;6;30
preparar;4;4;4;9;7;31
peemedebista;1;25;6;1;11;0
obstrução;17;11;0;0;0;0
livro;2;0;20;32;0;3
desenvolver;1;3;4;10;2;35
democrático;4;0;1;33;9;8
conduzir;9;3;4;4;4;12
audiência;28;8;7;4;5;2
tratado;3;5;4;14;6;21
rápido;2;6;10;11;2;20
km;1;1;2;0;1;33
judicial;25;18;2;3;0;0
foto;3;9;22;1;5;10
eleger;8;13;7;13;18;1
comandar;3;24;7;3;14;4
apresentado;23;11;1;3;3;0
admitir;12;8;10;6;5;10
visita;8;5;3;1;1;21
sérgio;14;27;2;4;0;0
sábado;7;0;1;1;5;13
permanecer;9;13;2;4;8;4
mp;6;26;2;3;11;0
detalhe;3;32;9;3;3;4
data;22;4;0;6;8;8
cultura;1;0;15;18;2;0
confiança;2;13;1;17;6;7
conceder;10;8;3;10;4;1
associação;9;3;1;2;3;2
tender;6;6;6;19;6;6
soltar;9;10;9;0;5;1
sindicato;3;2;4;2;2;0
provisório;10;14;1;3;15;0
oliveira;10;10;1;0;29;0
meirelles;1;1;1;2;46;0
envolvido;7;17;4;9;0;0
efeito;5;1;1;22;10;9
dificuldade;1;2;10;25;4;2
criminal;37;2;1;10;4;0
controlar;1;22;3;7;1;15
comum;11;2;4;23;9;4
aumento;5;2;0;8;6;9
atenção;3;4;25;7;6;7
aguardar;14;7;5;8;4;6
vice_presidente;4;14;4;4;10;15
possuir;2;5;3;9;2;18
mina;0;12;7;6;10;2
maria;5;16;3;4;6;1
julho;9;6;6;0;7;17
gostar;2;6;26;2;3;6
global;0;5;0;21;0;18
debate;7;0;6;25;13;1
comércio;0;3;4;6;3;14
carta;4;13;8;11;6;8
argumento;24;3;12;5;4;2
argumentar;19;4;2;7;4;7
alckmin;0;9;5;7;35;0
pauta;3;1;3;2;35;0
novembro;10;14;1;2;5;6
guarujá;24;0;0;0;0;0
emprego;2;1;12;8;3;3
duque;3;39;2;1;0;0
comunicação;2;13;0;8;3;15
colaboração;10;38;2;2;0;1
brf;0;28;0;0;0;0
avanço;4;6;1;11;4;20
avaliação;9;7;3;16;12;3
apreensão;1;13;1;0;1;1
vieira;9;44;0;0;0;0
via;1;20;12;3;4;4
suspender;16;4;1;1;3;16
sessão;11;0;3;1;29;0
produzir;4;4;8;11;0;7
modo;10;5;4;18;1;6
material;4;13;2;4;1;6
mantega;0;52;0;0;0;0
justificar;15;9;6;14;4;3
iniciativa;5;4;4;12;6;6
doria;1;0;10;13;22;0
assessor;0;17;1;4;8;15
adotar;4;3;2;6;9;24
acidente;0;1;2;8;2;4
universidade;2;0;1;21;3;10
time;0;1;10;27;1;13
site;0;12;16;1;2;3
simples;4;3;11;17;7;2
recente;7;1;4;7;16;14
putin;0;0;0;2;0;55
presença;3;4;4;11;4;13
pedro;19;22;0;2;7;0
exercer;16;5;1;7;8;5
educação;2;1;8;15;3;0
década;2;7;5;4;0;15
crescer;0;1;4;4;9;5
andar;0;2;15;5;7;0
teixeira;12;2;4;0;1;0
suspeita;4;28;0;4;3;5
silêncio;3;37;3;4;0;3
promover;4;3;7;12;4;8
limite;2;3;14;11;8;8
golpe;4;4;10;18;4;5
força_tarefa;16;14;0;8;1;0
fogo;0;1;2;5;1;28
ex_governador;24;18;0;0;9;0
corrupto;5;13;17;6;3;1
compromisso;0;13;0;15;6;3
completar;10;5;17;3;7;11
coletivo;4;1;7;10;3;10
causar;3;6;2;13;6;10
trabalhista;1;0;1;0;42;2
seul;0;0;0;0;0;54
repassar;0;43;0;1;1;0
passo;3;2;4;21;5;14
observar;6;8;2;7;1;19
obama;1;0;3;15;2;26
irregularidade;8;28;3;0;1;0
inteligência;0;1;2;16;0;15
general;0;3;5;8;3;21
fundamental;5;4;2;27;4;4
exportação;0;13;0;0;1;3
evento;9;5;2;11;6;6
europa;0;2;10;22;1;8
emenda;0;0;0;3;42;0
dívida;1;13;1;2;8;1
diferença;0;3;2;15;4;6
construtor;5;26;0;0;0;0
cassar;23;16;2;2;3;0
autorização;13;12;3;0;0;2
alves;3;32;0;0;2;0
temer;1;7;12;8;9;12
sucesso;0;4;10;6;2;27
preço;0;6;6;6;0;7
pressão;1;1;5;8;9;25
perigoso;1;5;6;10;5;16
nível;0;2;6;17;3;10
mônica;2;44;0;0;0;0
mar;0;0;6;1;0;35
liderança;1;0;4;18;8;14
direção;2;2;6;8;5;20
coreano;0;0;0;0;0;55
comentário;4;2;9;4;3;10
colega;1;0;13;2;14;6
terminar;3;2;6;7;6;6
positivo;3;1;9;10;11;11
pertencer;12;4;2;2;1;1
paz;1;1;10;9;2;25
padilha;2;7;4;1;21;0
lúcio;3;47;3;0;0;0
institucional;2;16;2;17;9;0
espaço;2;3;7;12;13;4
custo;0;14;5;3;1;3
comprovar;15;19;2;3;1;1
aurélio;0;0;4;5;3;0
assegurar;3;4;1;22;2;8
âmbito;7;25;2;2;1;0
transformar;11;3;4;16;8;5
taxa;0;4;0;1;2;2
origem;7;22;2;10;1;2
mídia;7;4;6;5;4;17
jogo;1;4;7;7;6;18
indício;12;20;2;0;0;4
gasto;2;7;4;3;20;1
duro;0;3;7;11;8;17
crescimento;0;1;1;2;7;3
convocar;2;2;1;6;11;7
assistir;8;7;20;4;3;0
aeronave;1;8;4;3;0;12
york;4;7;4;14;0;16
voo;1;4;8;0;2;16
viagem;4;2;7;7;8;11
verdadeiro;7;7;11;10;1;7
trf;46;1;1;0;0;0
testemunha;10;14;1;3;1;1
teoria;1;1;2;27;2;8
sítio;2;7;4;0;1;2
prefeitura;2;3;3;4;13;0
posse;2;5;2;0;8;7
moral;17;1;12;12;4;0
iniciar;12;5;1;7;1;11
impacto;2;4;2;1;10;10
guido;0;46;1;0;0;0
fórum;1;0;3;4;9;3
embaixador;1;4;3;2;0;32
conferir;3;5;22;2;1;6
comercial;0;3;4;6;1;24
atribuir;7;9;9;6;1;7
administrativo;7;19;1;12;0;0
zavascki;2;0;3;0;0;0
versão;4;13;2;1;5;5
transferência;20;10;1;1;3;1
terreno;0;3;0;3;1;2
rádio;1;4;7;1;20;3
propriedade;3;2;2;2;1;2
propor;2;6;7;8;4;2
porta_aviões;0;0;0;0;0;46
pior;1;1;14;12;7;5
peça;7;9;9;7;2;3
parar;1;8;21;2;1;9
mãe;1;5;28;3;0;2
mello;1;3;3;1;2;0
mala;2;27;0;0;0;1
japonês;1;2;1;0;1;43
indicação;4;16;2;1;9;1
habeas;45;1;0;0;0;0
fraco;0;35;3;2;0;0
formar;5;8;10;9;6;3
estratégico;0;3;1;2;3;35
afastar;6;4;0;10;8;6
áudio;6;29;6;0;0;0
rejeitar;15;2;1;2;11;5
proteger;0;4;6;8;6;21
prerrogativa;10;0;2;5;10;0
preocupado;1;10;7;17;7;4
pec;1;0;2;1;37;0
morador;0;1;7;6;1;2
modelo;1;5;3;16;4;5
matéria;6;8;14;2;11;2
marqueteiro;0;46;0;0;0;0
jovem;0;2;20;8;4;4
indústria;3;5;1;3;3;3
entidade;6;8;0;5;0;4
entendimento;26;0;2;7;6;3
determinado;14;5;0;11;3;2
criação;3;8;0;7;9;2
construção;0;12;1;5;4;4
constitucional;1;1;0;28;13;1
cenário;1;1;4;16;14;8
américa;0;5;2;14;1;18
ambiente;1;0;4;23;5;2
vara;33;9;0;2;0;0
punição;12;3;7;4;9;6
multa;14;21;0;4;1;0
léo;4;5;0;0;1;0
juízo;32;7;1;3;1;0
hospital;2;4;8;5;2;1
escândalo;1;14;3;13;2;1
escola;0;2;8;11;1;1
droga;1;2;7;7;1;2
divulgação;7;15;0;2;5;3
dirigir;4;4;6;13;3;5
correr;7;0;11;4;5;5
corpus;44;1;0;0;0;0
ciro;2;3;0;3;33;0
bernardo;3;16;0;1;0;0
atitude;2;1;10;15;5;10
regional;8;7;0;5;3;10
perda;2;1;2;5;8;4
oportunidade;4;2;16;3;4;1
mensalão;17;6;5;5;5;0
expor;4;4;4;16;3;3
encaminhar;9;3;3;4;8;2
derrubar;0;3;0;8;3;7
comunidade;0;0;5;6;2;16
completo;3;12;3;12;3;5
carl;0;0;2;0;0;44
bandido;2;13;16;6;0;0
ativo;16;6;1;5;1;9
terça;5;3;0;1;13;3
relato;1;23;4;4;3;2
rei;3;19;4;2;0;0
procuradoria_geral;2;18;0;2;3;0
máximo;5;2;7;5;6;11
matar;1;1;7;3;2;22
ligado;5;12;0;5;3;2
indevido;9;32;0;0;0;0
identificar;3;10;2;2;5;5
franco;0;12;3;0;13;1
execução;38;1;0;4;1;0
eunício;0;4;2;0;32;0
desviar;5;21;2;4;2;4
criança;3;0;14;3;0;9
crer;5;2;5;23;3;2
conter;3;11;3;4;3;15
certeza;3;5;13;14;2;3
celso;4;4;1;3;4;0
auto;22;11;1;2;0;0
alertar;0;5;3;5;3;23
vizinho;0;0;3;1;1;19
vinson;0;0;0;0;0;44
tropa;1;1;1;5;2;26
trocar;0;17;6;0;2;3
the;3;1;4;13;1;18
suíço;0;33;1;1;2;0
surgir;2;3;2;26;3;6
seguida;8;2;4;2;6;7
repasse;2;28;0;1;1;0
reagir;4;4;5;4;2;18
queda;3;1;8;8;0;2
ptb;3;2;12;1;13;0
procedimento;11;4;5;3;2;0
princípio;9;0;0;24;3;5
perrella;0;16;6;3;0;0
negativo;6;9;5;5;2;8
moreira;3;9;1;0;10;0
medo;2;3;12;4;3;7
jogar;0;6;9;14;2;1
favorável;5;5;1;1;24;3
estimar;3;9;1;2;0;7
dividir;0;7;2;17;10;4
disposição;8;20;6;4;0;5
código;22;4;2;9;3;1
conteúdo;6;22;1;6;3;0
constar;6;20;2;2;1;0
cabeça;0;7;18;1;4;4
vivo;4;12;13;2;1;1
visão;3;2;3;20;4;4
veículo;2;5;0;0;1;12
terra;0;0;9;5;1;11
punir;6;0;2;21;5;4
presídio;15;4;2;0;3;0
prejudicar;6;3;7;2;7;9
mesa;4;3;5;4;9;15
liberar;2;19;2;1;2;3
familiar;6;11;1;8;1;2
erro;1;3;4;16;8;5
episódio;4;11;4;13;1;1
emitir;8;5;0;3;3;9
decreto;3;2;0;1;32;0
concessão;15;6;0;2;3;2
antônio;5;28;0;1;2;0
alerta;1;4;3;3;3;21
alegação;26;9;1;1;0;3
adquirir;2;6;0;4;1;3
zanin;29;6;2;0;0;0
virar;2;12;11;7;2;0
sustentar;10;5;4;5;0;2
recibo;8;8;1;0;0;0
qualidade;1;4;7;5;0;1
ouvido;9;14;5;2;6;3
italiano;1;22;3;9;1;0
internet;3;5;7;16;4;2
fácil;0;2;16;11;6;1
faltar;4;12;12;5;5;0
esposo;5;6;8;2;2;1
elemento;10;2;2;16;2;4
doleiro;0;38;1;0;0;0
distrito;6;2;1;0;12;1
defensor;17;4;1;6;8;2
colaborar;2;27;0;6;1;0
cobrar;1;6;7;3;4;2
cassação;28;2;2;1;5;0
uss;0;0;0;0;0;37
residência;2;15;0;0;0;0
receita;4;8;2;2;1;0
provável;3;4;5;2;6;15
obrigar;7;4;9;8;0;4
legislação;7;8;0;10;9;0
escolha;3;3;1;12;6;4
eleitor;0;1;14;5;13;0
disputar;5;1;3;1;30;0
conduta;16;7;4;6;4;0
bancário;0;22;0;2;0;1
aposentadoria;5;2;1;1;12;1
verificar;14;7;3;7;1;3
torno;3;6;4;3;6;9
tillerson;0;0;1;0;0;39
suspensão;23;2;0;0;6;3
subir;1;2;5;6;5;7
serra;0;13;5;1;12;0
respeitar;1;0;10;13;2;4
pobre;0;0;13;8;1;2
perceber;3;1;15;12;4;4
partidário;5;3;4;7;12;0
norte_coreanos;0;0;0;1;0;41
norma;1;3;3;5;7;10
nobre;0;7;4;3;22;0
município;2;1;3;0;4;0
municipal;1;3;1;2;15;0
idade;1;0;14;0;7;4
histórico;3;0;3;16;3;6
hipótese;10;2;3;5;12;0
fronteira;1;1;3;7;0;27
externo;3;3;1;17;4;6
entrega;2;23;2;1;0;1
ditador;0;1;3;1;0;33
df;6;4;1;7;9;0
dano;20;5;1;4;2;4
circunstância;6;3;3;11;6;7
chance;2;3;5;3;13;9
br;0;4;13;6;3;0
barroso;8;0;1;0;5;0
autor;10;0;1;13;3;5
vice;4;2;3;5;19;1
velho;1;8;18;4;3;2
reiterar;4;8;2;4;1;14
página;6;12;10;6;0;1
provar;7;11;1;6;1;2
protocolar;17;9;1;1;4;0
pronunciamento;0;10;3;6;8;1
posto;2;3;5;1;7;4
pleno;5;2;2;13;2;10
planejar;3;1;4;3;1;25
operador;0;32;0;0;0;1
lutar;1;0;13;10;3;9
integrar;9;8;2;3;6;0
importar;1;1;2;7;2;7
expectativa;2;4;2;7;3;2
ex_diretor;1;32;0;1;0;0
dirigente;4;13;2;2;5;5
deus;1;1;17;7;4;4
casal;7;20;1;1;0;0
carro;2;3;6;2;2;2
bastar;7;2;19;3;4;3
apuração;13;8;3;5;1;0
alcançar;1;1;2;4;2;20
absolver;31;4;0;1;1;0
viajar;0;3;15;6;0;6
técnico;3;6;3;4;4;3
sério;3;0;4;15;1;6
século;0;0;1;28;0;0
sindical;0;2;5;2;4;0
sigla;0;4;2;3;12;12
repetir;1;5;12;8;6;2
praça;0;3;3;3;2;1
pmdb_rj;4;27;0;2;1;0
planejamento;2;5;0;3;5;0
paulista;4;3;0;0;6;0
organizar;2;3;5;11;8;1
norte_americano;0;2;1;2;1;33
moção;0;0;2;1;15;0
mentira;1;9;17;1;2;1
localizar;2;13;0;4;0;8
ligação;0;19;3;1;2;1
levantar;0;7;10;4;6;3
errado;0;4;17;9;4;2
entrada;2;2;1;3;3;2
emilio;2;33;1;0;0;0
descobrir;1;13;12;6;0;1
cristiano;30;5;1;0;0;0
comparar;4;5;6;7;5;2
castro;3;3;5;1;3;1
caro;0;5;14;3;6;1
bloqueio;10;12;0;1;1;1
analista;0;1;2;5;0;28
wesley;0;33;1;0;0;0
venezuela;0;0;28;3;2;0
republicano;1;3;1;15;5;9
renda;2;4;0;0;1;1
relacionar;4;6;1;3;4;2
reação;3;2;5;11;5;11
pasta;1;9;2;7;3;0
morar;2;3;13;0;1;0
mencionar;5;16;2;3;0;6
martins;26;4;0;2;2;0
legenda;5;7;1;1;20;1
instalação;0;0;0;0;0;11
indicado;0;19;3;1;6;1
grosso;0;12;2;2;0;0
friboi;1;25;3;1;0;0
frederico;5;16;2;0;0;0
frança;0;5;0;9;3;16
ex_assessor;1;13;0;0;0;2
envolvimento;6;16;2;1;0;3
curso;3;1;1;9;2;2
contribuir;3;5;5;12;0;0
combater;2;3;3;11;3;7
cliente;7;17;1;0;3;0
asiático;0;2;1;0;0;31
alegre;18;0;0;3;1;0
afirmação;5;13;2;3;1;4
absoluto;5;9;3;7;3;4
transferir;8;9;0;2;1;2
tom;5;3;5;3;5;14
tiro;0;0;6;3;4;4
submarino;0;1;2;2;0;28
redução;4;4;0;4;6;1
realização;3;6;1;3;12;3
realidade;3;2;3;19;1;5
pronunciar;8;11;1;1;8;2
planilha;0;32;0;0;1;0
ordenar;4;0;2;3;1;21
norte_coreana;0;1;0;0;0;37
marinho;4;0;2;3;4;21
liderar;0;3;0;4;8;14
interrogatório;21;7;0;1;0;0
insistir;5;2;2;5;5;14
inimigo;2;1;3;9;0;19
imaginar;2;1;15;5;1;3
igual;1;0;14;13;3;3
gomes;3;2;2;1;23;0
francisco;4;7;11;1;1;0
financiar;1;16;6;3;1;1
específico;4;8;5;6;2;4
esforço;1;0;4;10;4;13
equipamento;3;4;1;4;2;11
eleito;2;1;1;5;25;0
eldorado;1;13;1;0;3;0
canal;0;6;3;7;3;15
benjamin;30;2;1;0;0;1
andré;8;17;1;0;9;0
andrea;1;11;1;0;0;0
4a;36;2;0;0;0;0
vencer;6;8;2;7;6;3
vaga;2;5;1;1;13;0
toffoli;2;0;6;2;2;0
souza;2;22;0;1;3;0
ruim;0;1;9;12;7;3
rico;0;2;13;7;2;2
renúncia;2;2;2;4;16;0
pôr;1;3;7;11;5;8
porta_voz;1;2;0;2;1;29
piloto;0;2;6;3;1;3
orçamento;0;1;1;2;10;3
objeto;6;12;0;3;2;2
metade;1;5;2;7;6;1
jinping;0;0;0;1;0;34
irã;0;0;3;3;1;26
fornecer;0;12;5;2;1;6
foguete;0;0;0;1;0;32
estudar;2;1;3;15;5;2
eletrônico;5;1;1;2;3;0
diário;2;7;10;0;7;2
ditadura;4;1;4;14;3;3
deter;9;8;2;1;0;5
daniel;2;17;1;5;3;0
comportamento;1;1;2;9;4;15
bater;1;2;16;2;7;4
advertir;0;0;1;1;2;32
vazamento;6;11;1;2;1;0
tamanho;3;1;10;4;5;6
substituir;10;0;0;4;7;3
rj;7;2;0;5;7;0
retornar;2;2;2;3;10;5
restrição;0;0;0;1;8;6
renunciar;1;5;3;4;13;2
quebrar;1;7;4;4;6;2
publicitário;1;23;2;4;1;0
provocação;2;0;2;0;2;28
prejuízo;12;7;2;7;1;0
poderoso;3;4;2;3;0;20
petrobrás;5;18;1;1;0;0
nomeação;3;1;2;1;4;0
mato;0;10;0;2;0;0
jon_un;0;0;1;0;0;34
governar;3;0;4;11;12;2
glauco;3;0;0;0;0;0
fidel;0;0;5;1;1;0
extremo;2;1;10;11;1;8
estadão;2;2;11;2;9;0
dólar;0;10;2;2;0;3
disparar;2;1;2;0;2;22
diretoria;1;19;1;0;3;0
desvio;11;15;0;2;0;1
descartar;2;1;1;3;11;8
dem;2;2;0;0;29;0
decretar;12;3;3;4;4;1
cumprimento;6;4;0;3;0;0
cooperação;1;6;0;12;0;9
concreto;18;1;3;6;1;0
bairro;0;2;1;0;1;0
avisar;1;14;5;4;2;5
apreender;2;21;1;0;0;0
aliar;0;3;0;3;10;12
soviético;0;0;4;4;0;20
somar;3;8;3;0;3;0
serraglio;0;6;1;2;0;0
salvador;0;13;3;5;8;0
reuters;0;0;0;1;0;25
resumir;3;2;4;10;3;5
resolução;2;1;0;2;3;21
psdb_mg;0;15;0;0;0;0
pr;11;10;4;1;4;0
organizado;1;8;1;7;1;1
melhorar;0;0;7;7;6;6
juntar;3;5;3;0;8;9
islâmico;0;0;1;4;1;28
interlocutor;2;17;1;2;4;0
intercontinental;0;0;0;0;0;35
inglês;0;1;4;5;3;15
impunidade;2;0;4;23;2;0
grau;15;1;1;10;1;1
firmar;5;20;0;3;0;2
expressar;3;1;3;5;4;14
estrangeiro;0;6;1;10;0;9
elogiar;1;0;2;3;8;13
doar;0;15;2;1;2;0
desistir;1;3;4;1;6;6
contribuição;1;8;3;3;6;0
confiar;6;1;7;8;4;4
conclusão;7;3;4;7;6;0
ciência;3;1;5;21;1;2
avançar;2;2;2;4;5;8
alemanha;0;0;3;14;0;9
aborto;0;0;2;8;2;0
tráfico;4;4;2;3;1;0
telefone;2;9;7;1;0;8
tecnologia;0;1;4;7;2;15
suspenso;4;8;0;0;2;2
sugestão;10;5;1;6;6;0
sinal;0;3;3;12;3;9
rodrigues;7;4;2;1;11;0
reino;0;0;0;0;1;31
reeleição;2;8;0;1;22;0
recebimento;9;20;0;0;0;0
publicação;5;7;2;1;3;3
promotor;16;3;0;4;1;0
produção;0;8;0;4;1;5
pressionar;1;10;2;4;2;13
preferir;7;5;4;0;8;5
patrimônio;4;4;5;2;0;0
negro;0;0;2;7;1;3
luís;5;3;0;0;0;0
louco;0;0;6;7;2;11
liminar;13;0;0;0;1;0
lamentar;1;2;3;9;3;2
jantar;0;15;2;0;3;2
inocência;22;2;1;4;1;0
importância;1;1;4;15;4;2
herman;29;1;1;0;0;0
g20;0;0;0;18;2;4
fábio;0;25;0;0;1;0
frase;1;0;17;4;4;2
folha;2;7;11;0;0;0
facilitar;0;11;0;8;6;4
executar;4;5;0;6;2;7
escritório;3;14;1;1;0;2
esclarecimento;8;15;0;1;2;0
enorme;1;0;2;16;1;7
corpo;1;4;5;3;0;0
colaborador;7;20;0;2;0;1
classificar;3;3;0;9;3;9
aplicar;7;3;0;7;6;5
andamento;6;9;1;0;7;0
afetar;1;1;7;11;3;5
trata_se;2;9;3;3;3;7
suspeito;8;9;1;3;0;3
sentir;3;2;9;5;8;2
relacionado;4;10;0;2;2;3
protestar;1;0;0;1;9;1
primo;1;19;0;0;0;0
potência;0;0;0;1;0;31
pentágono;0;0;0;1;0;31
melar;2;15;0;0;4;0
limpo;14;2;2;2;11;0
jungmann;0;1;1;6;6;0
existência;3;11;3;5;0;4
esperança;3;0;4;9;3;7
encerrar;3;1;10;3;1;8
empréstimo;0;18;0;1;0;0
dodge;2;0;1;0;1;0
diminuir;2;0;4;11;2;7
costamarques;3;0;0;0;0;0
contratar;2;9;4;1;1;1
conspiração;1;0;1;18;1;5
bruno;8;2;1;2;2;0
beneficiário;1;23;3;0;3;0
aliança;0;1;3;4;12;6
alexandre;2;4;7;0;1;0
testar;0;0;0;1;0;27
resultar;7;7;0;3;2;3
renato;1;21;2;2;0;0
recusar;7;7;1;3;2;5
recomendar;6;5;3;1;2;0
recado;2;6;4;2;10;5
psd;0;5;1;0;21;0
proteção;1;1;2;13;1;2
presidir;1;5;0;1;9;2
prender;12;3;3;0;1;0
palestra;3;2;7;2;1;0
original;8;4;5;2;6;0
orientar;3;7;2;3;1;3
nomear;2;5;6;0;7;0
nascer;0;1;4;14;5;1
motorista;0;2;0;2;6;0
montar;3;5;1;2;4;4
manobra;1;2;4;1;4;13
madrugada;3;1;1;0;6;1
jeito;2;2;19;1;0;0
jair;0;1;5;2;23;0
itália;1;2;1;14;2;3
interior;3;0;4;1;0;2
infra-estrutura;0;2;0;3;1;6
homologar;4;17;0;0;0;0
gebran;29;1;1;0;0;0
fundamento;17;1;0;6;2;2
favorecer;0;15;0;5;1;2
experiência;0;1;9;11;0;6
ex_executivos;3;22;0;0;0;0
elevado;3;2;7;3;0;5
diplomático;0;0;1;4;0;26
desemprego;0;0;4;8;2;0
desafio;1;2;2;8;3;13
cuba;1;0;2;2;2;2
confronto;1;1;0;2;4;7
comunista;0;2;2;7;3;15
combinar;0;15;5;3;2;0
cerimônia;1;6;1;1;8;10
britânico;0;1;1;11;1;12
braskem;1;29;0;0;0;0
bashar;0;0;0;0;0;32
auxiliar;3;8;2;4;3;0
ausência;8;2;2;9;7;0
assembleia;1;0;4;0;9;7
alterar;7;2;2;7;5;5
adequado;3;3;3;12;5;2
índio;0;0;1;4;0;18
voz;2;0;12;7;1;4
técnica;5;1;3;9;1;2
transparência;1;7;1;7;3;0
tese;15;3;3;2;1;4
terrorista;0;0;6;3;0;17
televisão;1;6;8;1;5;8
sozinho;1;4;8;6;1;8
relativo;9;11;0;2;2;2
pp;0;18;1;1;9;0
posicionar;1;2;0;7;8;9
porta;1;4;12;3;3;1
perspectiva;3;1;2;16;1;5
pequim;0;1;1;1;0;27
particular;5;4;1;5;3;5
ocidente;0;0;0;5;1;24
ocidental;0;0;1;4;0;23
normal;5;5;5;11;3;0
natural;1;1;9;6;1;1
nacala;0;1;1;1;0;0
monica;4;16;3;0;0;0
mau;0;1;2;18;2;2
marca;1;12;2;3;2;1
machado;1;17;0;0;0;0
legado;1;0;1;15;5;2
invadir;2;0;4;3;7;6
imediato;6;0;0;8;5;7
ilegalidade;13;8;3;0;3;0
flagrar;1;11;0;1;0;2
explodir;0;0;0;3;0;23
domiciliar;8;2;0;1;0;0
divisão;0;11;2;5;8;0
distribuir;1;10;6;0;4;1
dezena;4;3;1;1;0;7
despesa;1;9;0;1;3;0
contexto;4;6;2;5;3;4
contestar;14;6;1;3;2;0
complexo;5;1;4;10;0;1
compartilhar;2;3;3;3;2;12
celular;0;12;9;0;1;0
carvalho;2;7;9;4;1;0
bombardeio;0;1;0;0;0;28
bolsa;0;1;5;1;5;0
baseado;4;5;2;3;2;4
alimento;0;1;3;0;0;2
agressão;1;0;5;4;2;13
abin;0;3;0;3;0;0
violento;0;0;2;5;0;0
venezuelano;0;0;13;3;4;0
tratamento;7;4;6;5;2;0
tramitação;7;3;0;2;12;0
teto;0;0;1;2;20;0
telefônico;3;11;0;1;1;6
tcu;7;15;0;1;1;0
tarefa;6;6;1;13;1;1
sul_coreano;0;0;0;0;0;27
rumo;0;1;5;10;2;4
retomar;2;2;4;3;5;2
retaliação;1;0;3;0;8;15
quadro;2;4;12;8;0;0
preocupar;1;1;4;13;3;5
orientação;1;7;6;2;5;0
moscou;0;0;1;0;0;29
leniência;1;25;1;0;1;0
jorge;4;6;0;2;8;0
jaburu;0;21;0;1;1;0
inteiro;1;3;14;4;1;4
impor;3;1;3;1;2;14
habitante;0;0;3;0;3;2
gás;0;7;3;2;1;11
guimarães;7;2;2;1;7;0
físico;2;0;3;5;0;0
figura;1;6;5;9;2;0
fichar;13;0;1;2;13;0
fator;2;1;1;17;4;0
esconder;0;9;1;5;2;3
detalhar;0;22;1;0;3;2
descrever;3;14;3;4;0;3
dem_rj;0;1;0;0;28;0
deflagrar;2;9;0;2;1;0
definitivo;12;5;0;7;3;1
conservador;1;0;0;12;6;3
cogitar;1;5;5;0;8;5
cofre;4;12;1;2;1;0
botar;2;3;20;3;2;0
afastamento;6;1;1;3;1;0
ônibus;0;2;0;0;1;0
ódio;1;0;14;10;1;0
título;4;1;7;5;2;2
turno;0;1;1;0;24;0
soldado;0;0;1;0;1;22
ribeiro;5;11;2;1;3;0
referente;4;11;0;0;0;0
pé;2;0;13;2;5;2
preservar;2;3;0;9;0;3
parlamento;0;0;4;1;9;5
pacote;1;6;1;3;6;5
instrumento;2;3;0;14;3;0
instalar;1;1;2;3;3;7
inocente;10;2;3;3;0;6
influenciar;3;6;1;10;3;1
guardar;4;8;1;3;0;2
fábrica;0;6;2;3;0;1
fiscalização;0;15;0;1;0;0
edição;0;9;2;1;2;1
determinação;4;2;1;2;2;10
delito;9;2;2;2;1;0
câmera;2;5;5;1;1;0
cuidado;1;3;3;10;6;1
consumo;0;0;3;3;0;0
comunicar;2;4;6;1;1;8
colunista;1;2;0;2;1;0
belo;0;5;2;4;2;0
basear;7;4;5;8;0;2
aproveitar;0;0;6;7;7;4
anúncio;1;0;2;1;6;13
amplo;8;0;1;9;3;4
abandonar;1;1;1;9;2;11
áfrica;0;4;2;2;1;9
vontade;1;3;11;2;4;4
violar;5;0;3;0;1;9
trf4;26;1;0;0;0;0
submeter;4;1;2;2;3;2
seguro;0;5;6;3;1;5
rural;0;0;2;0;3;1
psol;3;1;0;0;21;0
propaganda;0;7;5;1;8;2
prioridade;0;1;3;11;3;6
previsão;3;1;0;0;7;2
presa;7;3;4;2;1;0
polêmico;1;1;3;2;15;1
petróleo;0;2;0;0;0;8
parado;3;2;6;2;4;2
objetivo;3;1;2;3;3;11
méxico;0;2;3;10;2;7
motivar;1;4;0;3;2;3
milhar;1;2;8;0;3;7
lidar;0;1;5;5;3;13
licitação;9;11;0;1;2;0
investir;1;3;3;4;0;0
interromper;0;2;4;1;4;7
graça;3;2;10;3;0;3
fraude;10;12;0;0;2;0
durar;3;2;7;1;6;4
disposto;2;2;4;2;3;13
desejar;1;1;5;11;1;8
demanda;0;2;1;12;2;3
deltan;12;1;0;13;1;0
cuidar;2;9;5;2;4;2
crítico;0;2;1;11;6;3
convencer;1;4;0;2;9;5
cláudio;1;19;4;2;0;0
carreira;2;0;7;9;1;0
caravana;2;0;0;1;3;0
aquisição;1;16;0;0;0;0
apresentador;1;0;2;3;9;11
apelo;9;1;0;2;5;6
alteração;7;0;0;0;12;1
zé;7;0;15;0;2;0
vladimir;0;0;0;1;1;25
trânsito;4;1;0;0;1;0
tributário;0;4;0;1;5;0
transporte;1;8;0;0;3;4
tramitar;10;1;1;3;5;0
superar;1;3;2;5;2;2
secreto;0;2;3;8;1;10
satélite;0;0;0;0;0;21
profundo;0;0;2;14;2;4
postar;0;3;16;0;0;3
parceiro;2;2;1;8;2;4
pacto;1;11;1;3;1;4
operar;1;5;3;3;0;3
ogiva;0;0;0;0;0;25
ocupação;1;0;1;2;1;1
natureza;4;2;5;12;0;1
mercadante;6;1;0;0;1;0
item;1;0;1;0;1;0
indenização;18;5;1;0;0;0
impossível;5;2;6;4;4;4
ilha;1;3;1;2;0;16
foco;5;1;0;4;4;0
euro;0;2;0;0;0;1
etapa;9;4;0;4;3;0
estrutura;2;2;3;8;2;1
estrada;0;1;2;2;0;2
errar;4;1;9;5;3;0
emílio;0;22;1;0;0;0
embargo;18;1;0;0;0;3
e_mail;0;23;0;0;0;0
dallagnol;10;0;0;14;2;0
corrêa;4;18;0;0;0;0
confessar;5;12;1;2;0;0
ciar;0;1;2;3;1;10
centena;4;3;1;0;2;7
bombardear;0;0;2;0;0;24
avançado;0;1;2;11;2;7
ator;1;1;10;9;2;1
atibaia;2;2;2;0;0;0
alemão;0;0;1;11;0;7
al_assad;0;0;0;0;0;27
absolvição;19;4;0;0;0;0
1o;9;4;1;0;4;2
índice;0;0;1;6;2;1
vitória;3;0;1;4;11;2
visitar;1;0;1;2;2;10
visar;4;3;0;2;1;5
transação;0;17;0;0;0;3
tranquilo;3;2;9;4;1;0
rex;0;0;0;0;0;26
restringir;3;1;1;1;5;4
restar;1;5;2;4;7;3
reserva;0;6;4;1;2;0
rebater;6;10;1;1;3;2
quilômetro;0;0;3;1;0;16
prestação;2;15;0;0;0;0
premiado;2;11;0;1;2;0
peso;1;3;0;8;1;6
perseguir;6;1;1;6;2;4
padrão;0;2;3;8;0;2
mover;4;3;4;4;1;7
moon;0;0;0;0;0;24
missão;3;5;2;1;1;7
mineiro;1;8;3;0;3;0
inicial;9;13;0;0;0;1
ignorar;2;0;6;4;2;10
honesto;3;0;11;6;0;0
gosto;0;0;13;3;2;0
fenômeno;0;0;3;12;1;3
exato;5;3;2;2;1;3
enfatizar;3;5;0;0;8;5
endereço;3;12;0;1;0;0
empresarial;0;11;0;6;4;0
eliseu;0;4;0;0;15;0
dispor;0;8;1;4;1;7
devolver;4;6;0;0;5;1
demorar;8;1;4;4;2;1
comitê;0;3;0;1;1;8
clima;3;0;2;9;3;2
c;3;1;8;6;2;0
braga;0;7;1;7;2;0
atentado;4;0;2;10;0;4
assinatura;0;5;0;0;13;2
aprender;0;1;11;8;0;2
ampliar;5;1;1;9;4;1
ótimo;1;5;5;5;4;0
uruguai;0;2;4;9;0;0
urgência;2;0;3;1;14;0
sangue;0;11;2;0;3;6
representação;7;1;1;1;5;0
relembrar;3;6;1;5;0;3
refinaria;1;12;2;1;0;0
proprietário;6;2;0;2;1;0
processual;13;2;0;1;1;0
processar;10;3;5;1;1;0
pezão;1;1;2;2;12;0
pedra;0;2;4;7;0;0
ouro;0;10;3;3;3;0
meta;0;1;3;4;4;2
marun;1;3;1;1;16;0
manutenção;6;2;1;2;0;2
lucro;0;6;1;1;1;0
juro;1;2;1;0;1;0
jucá;1;3;0;0;8;0
jardim;1;6;0;0;0;1
independência;5;0;3;1;4;7
haddad;0;2;1;1;17;0
geraldo;0;3;0;1;21;0
fux;10;0;1;2;0;0
fundação;1;2;1;6;3;6
frio;0;3;8;1;0;9
famoso;1;3;6;6;0;1
expressão;5;2;0;8;0;2
exclusivo;3;4;1;1;6;4
essencial;1;0;4;10;4;4
esplanada;0;1;0;0;4;0
efetivo;4;2;3;6;0;7
dignidade;5;0;0;9;3;5
detectar;1;2;0;0;0;20
destruição;1;0;4;5;0;9
delcídio;1;4;0;0;0;0
cometido;6;2;1;3;1;0
cientista;0;0;1;10;5;8
centrão;0;2;0;0;20;0
caráter;5;1;3;7;1;0
carolina;3;2;4;7;3;1
barbosa;1;8;0;3;6;0
aval;4;16;0;0;0;0
aposta;5;1;0;2;1;11
aposentado;1;0;5;0;0;1
amarillo;0;1;1;0;0;1
adversário;4;0;6;2;10;0
acertar;1;14;2;2;1;0
absurdo;3;6;4;4;3;1
usuário;0;5;2;3;3;0
unir;0;1;1;2;6;8
transportar;0;1;0;0;0;19
tornozeleira;5;0;1;0;0;0
sócio;1;14;4;1;0;2
sucessor;1;2;8;3;1;2
salvar;3;2;2;5;2;2
roubar;4;1;15;1;0;0
reverter;10;2;0;3;2;1
retorno;3;1;7;0;1;0
requerimento;7;1;0;1;14;0
recuperação;1;2;4;2;12;0
recuperar;0;9;1;11;2;0
reclamar;0;3;7;0;1;1
quebra;4;9;1;2;0;0
preto;0;9;4;0;5;1
precedente;7;2;0;7;2;6
ponte;0;2;1;2;8;1
petição;3;7;0;2;1;0
paulsen;21;0;0;1;0;0
pacheco;1;10;1;0;0;0
ocupado;7;3;0;1;0;3
nunes;6;2;6;0;5;0
movimentação;0;9;3;3;2;3
merecer;2;0;2;11;5;1
litoral;2;0;0;0;0;1
latino;0;3;3;10;0;0
interferir;2;4;2;6;2;1
integração;3;8;0;2;1;0
independente;0;1;0;8;2;3
ideológico;3;0;4;8;3;3
horário;0;1;1;1;2;13
homenagem;1;0;3;2;4;3
gleisi;3;9;3;1;6;0
formação;6;2;4;6;2;2
exame;3;0;10;2;0;0
evidência;5;2;1;6;2;2
estabilidade;0;1;1;3;4;5
escalão;0;4;1;4;2;6
energia;1;1;0;6;2;1
edifício;0;1;0;0;1;2
déficit;0;0;0;0;0;3
distância;0;1;2;0;0;18
distribuição;1;10;0;0;3;1
disponível;3;3;5;0;1;6
diretor_geral;0;3;1;6;3;0
delatar;0;19;0;1;0;0
crescente;1;0;0;5;1;12
costumar;0;0;12;4;0;3
corrigir;5;3;1;6;2;2
correto;3;1;1;13;1;3
corrente;1;10;0;2;0;0
comprometer;3;9;0;1;3;4
cobrir;1;10;1;2;0;1
campino;1;3;1;0;6;0
básico;0;0;1;10;2;0
boca;2;6;7;0;4;1
augusto;0;11;2;3;4;0
arsenal;0;1;0;2;0;21
arquivamento;6;2;0;0;8;0
apresentação;5;4;0;0;7;0
alimentar;0;1;6;4;0;5
alexandrino;0;15;2;0;0;0
agravar;2;1;5;4;5;6
aceito;2;8;0;2;0;0
wagner;0;13;1;0;3;0
terrorismo;2;0;1;5;1;11
temporário;9;5;1;1;3;1
sonho;1;1;10;3;2;4
sequência;5;7;1;0;3;3
semelhante;3;2;0;5;3;6
saldo;0;13;3;1;0;0
rossi;0;13;1;0;1;0
revelação;3;8;1;4;1;3
reafirmar;5;5;0;1;3;5
ramo;0;11;0;5;2;0
psb;0;0;0;0;21;0
pré_candidato;2;0;0;1;17;0
primeiro_ministro;0;3;2;3;1;13
potencial;2;1;0;2;3;10
perseguição;10;0;6;3;0;0
osmar;0;3;3;1;0;0
olho;2;0;11;1;1;1
okamotto;9;5;0;0;0;0
obrigação;0;1;1;4;4;2
né;0;4;13;0;3;0
news;0;3;2;2;1;14
mdb;2;0;2;4;11;0
massa;0;1;1;4;1;12
kcna;0;0;0;0;0;23
inventar;0;8;0;3;0;10
inaudível;0;5;10;0;0;0
identificado;2;7;0;1;0;3
icbm;0;0;0;0;0;22
finalidade;7;4;0;4;1;2
facção;2;0;0;0;1;1
fab;0;8;0;3;0;0
ex_presidentes;3;9;0;0;0;0
escapar;5;4;1;1;4;4
doutor;1;14;1;0;0;0
discursar;2;0;1;6;6;1
destino;2;5;3;8;0;2
desafiar;0;0;1;1;1;18
dedicar;2;2;7;6;2;1
custar;1;6;8;0;0;1
corporação;0;1;3;9;0;0
contrapartida;1;9;0;0;2;0
compor;6;1;1;1;3;4
competência;6;0;1;7;3;0
carregar;2;5;1;4;1;5
candidatar;5;0;2;2;12;0
aço;0;0;0;0;2;1
autoria;3;0;1;0;11;0
atualização;1;8;0;2;2;0
armamento;0;0;0;3;1;19
aplicação;7;1;2;4;2;1
andrade;0;15;0;0;3;0
ambiental;2;2;2;6;0;1
alternativo;1;2;1;3;7;4
acionar;5;1;0;0;0;2
verba;1;2;2;0;4;0
valorizar;0;0;3;16;1;0
tendência;0;0;2;5;2;5
surpresa;0;3;8;3;4;1
substituto;7;0;1;0;3;0
sarney;1;2;3;0;9;0
sala;2;4;1;0;0;0
revogar;8;0;2;0;9;0
requião;7;1;0;1;9;0
promessa;1;3;4;1;2;5
pensamento;1;0;2;8;7;2
pdt;0;3;0;0;17;0
naval;0;0;1;0;1;19
máquina;0;1;1;11;3;4
moraes;0;0;5;0;1;0
michel;0;0;10;3;2;0
mentir;0;11;3;2;3;0
limitar;1;2;0;4;1;6
leitura;7;1;5;5;2;1
israel;0;1;3;1;0;14
interpretação;8;1;1;4;1;1
interessar;0;0;2;5;5;2
igreja;2;0;1;0;5;0
gravidade;5;1;3;6;0;0
fugir;7;1;4;3;4;0
federação;1;1;0;5;7;1
exigência;1;3;1;1;6;1
estimativa;0;1;0;1;1;0
engenheiro;1;2;2;1;1;0
elite;1;1;1;10;0;5
doença;0;0;8;11;0;0
desembarcar;0;1;0;2;4;1
desejo;0;3;5;5;0;7
depor;1;9;0;3;1;0
curto;1;1;3;2;0;11
culpa;5;2;1;7;3;0
credibilidade;2;2;0;5;3;4
cortar;0;0;5;1;1;4
coordenador;6;2;0;3;4;0
constante;1;6;0;3;2;6
consideração;11;1;1;6;0;1
compreender;1;0;1;11;4;1
comandante;3;2;4;0;1;6
chegada;2;0;1;0;1;14
ccj;1;0;0;0;18;0
caça;1;6;0;0;0;14
carga;0;6;0;0;1;4
cadeira;0;2;5;2;5;0
bumlai;1;5;0;0;0;0
breve;0;0;4;3;3;7
baixar;0;2;6;3;1;0
autonomia;1;2;0;9;3;2
atribuição;5;0;0;11;3;1
atrapalhar;1;1;3;2;8;0
arquivar;9;3;1;1;1;0
aproximar;0;4;4;1;2;8
angola;0;9;0;0;0;0
abordar;2;1;1;5;6;2
tô;0;12;6;0;3;0
trajetória;0;1;1;9;3;2
seguido;0;1;5;1;2;3
radar;0;1;0;3;3;10
parceria;0;4;2;5;0;3
oab;9;1;0;1;1;0
nordeste;0;1;0;1;1;6
new;0;1;2;12;0;4
nelson;2;6;2;0;5;0
mudo;1;0;3;5;7;2
mobilizar;3;0;0;5;2;9
miller;0;17;0;0;0;0
medeiros;3;5;0;2;1;1
mapa;0;6;1;2;2;0
liberal;0;0;1;8;2;7
leste;0;1;0;0;1;16
justo;3;0;12;1;1;1
jacob;4;2;1;0;0;0
inaceitável;2;0;2;6;0;9
importação;0;1;0;1;0;3
hamburgo;0;0;0;12;1;3
guam;0;0;0;0;0;21
greve;2;0;2;1;0;0
globalização;0;0;0;11;0;6
futebol;0;3;5;1;5;0
funcionamento;1;1;0;10;1;0
formal;2;1;4;1;2;1
fiscalizar;4;5;1;6;1;0
filmar;2;12;0;0;1;0
fhc;0;5;1;0;7;0
exportar;0;5;0;0;0;4
estabelecimento;1;2;1;0;1;2
eliminar;0;1;0;6;0;9
documental;7;3;0;0;0;0
diretório;4;6;0;0;9;0
detenção;11;2;0;0;1;0
desempenho;2;0;0;1;6;0
desculpa;3;3;2;2;3;1
depósito;0;5;0;0;0;5
decidido;4;1;1;4;0;5
contratação;1;15;1;0;0;0
concorrer;0;0;0;0;20;0
companheiro;2;2;7;5;3;0
comida;0;0;13;1;1;0
cobra;2;4;5;1;3;0
clique;1;5;0;0;1;0
claudio;2;13;0;0;1;0
chuva;0;0;5;3;0;1
cade;0;17;1;0;0;0
braço;1;10;5;0;1;1
blog;7;1;1;0;3;0
antecessor;0;2;2;1;1;7
aluguel;0;3;0;1;0;0
adiar;12;1;1;1;1;2
adiantar;0;5;6;2;7;0
adesão;0;0;1;2;3;0
abrigo;0;0;3;0;0;10
zanon;0;14;0;1;0;0
véspera;0;3;3;3;0;3
tríplex;11;0;1;0;0;0
transmitir;2;1;8;3;2;3
tona;0;6;0;8;1;3
tomahawk;0;0;0;0;0;20
thaad;0;0;0;0;0;17
surpreender;0;1;5;1;2;4
soares;5;10;0;2;0;0
ritmo;0;1;0;0;1;5
requisito;7;4;0;3;2;0
relevante;3;2;0;6;1;0
quantidade;1;0;2;2;5;3
proferido;15;1;0;0;1;0
posicionamento;3;0;1;5;8;0
pmdb_pr;0;4;0;0;2;0
perfil;0;1;1;10;2;2
pcdob;1;6;0;0;10;0
orçamentário;0;1;1;1;0;0
mero;4;2;5;0;1;1
licença;2;7;4;0;2;1
liberação;0;11;1;1;4;0
lewandowski;2;0;3;0;1;0
legalidade;6;3;1;3;1;0
individual;4;0;2;4;1;1
indireto;0;3;3;1;11;0
imigrante;0;0;3;1;1;0
identificação;4;0;0;6;3;1
hotel;0;2;1;6;1;0
horizonte;0;3;1;2;1;1
gesto;0;3;3;6;1;0
frota;0;1;1;0;0;16
forçar;2;2;2;4;1;6
firme;3;0;4;5;1;5
festa;0;0;9;1;0;1
fechamento;1;5;1;0;5;0
falhar;0;0;0;1;2;14
espalhar;0;1;1;7;0;4
elaborar;3;1;1;1;5;1
dório;2;0;7;4;1;0
despacho;13;1;0;1;0;0
desdobramento;3;4;0;1;1;2
correção;3;2;0;7;0;0
conselheiro;3;1;0;0;1;11
consciência;1;0;3;9;3;1
condução;3;2;1;2;3;0
compliance;0;9;1;2;0;0
combustível;1;0;0;1;0;17
científico;1;0;2;9;0;4
chave;1;1;1;9;1;1
bombardeiro;0;0;0;0;0;18
bastidor;2;1;1;3;8;3
barrar;1;2;1;1;7;0
bahia;0;4;0;0;2;0
antagonista;0;4;6;0;1;0
alencar;0;13;1;1;1;0
abar;0;0;0;1;1;17
zeze;0;9;4;0;0;0
virtude;0;2;1;7;0;0
violação;1;3;0;4;0;5
viana;1;2;1;2;7;0
vermelho;0;2;0;2;1;5
vergonha;0;1;11;2;0;0
ultrapassar;0;2;1;2;2;5
tocar;2;0;3;10;0;0
sujeito;5;0;1;2;4;3
significativo;0;1;0;1;1;6
separar;2;1;7;0;1;5
sentar;1;1;8;4;3;1
requerer;7;2;1;5;0;2
regular;2;5;0;4;0;1
razoável;9;0;1;5;1;0
randolfe;1;1;0;1;10;0
racismo;0;0;0;13;0;0
questionamento;10;0;0;2;1;0
prevenção;1;0;0;9;2;2
pista;0;6;1;1;0;1
pesquisador;0;0;2;9;0;4
permanente;1;2;2;6;0;1
perito;1;9;1;3;0;0
pensão;0;9;0;0;0;0
parcela;0;7;0;2;1;0
pago;0;12;1;0;0;0
ofício;6;2;0;1;0;0
ocde;0;0;0;9;1;2
militante;1;0;3;2;3;1
mensal;0;7;0;0;2;1
lindbergh;2;1;5;5;3;0
legítimo;0;1;1;6;1;7
jae_in;0;0;0;0;0;19
irresponsável;0;1;1;3;1;11
investidor;0;3;4;2;2;0
incentivar;1;1;0;6;1;2
imprudente;0;0;1;0;0;17
governança;0;4;0;2;0;0
gonçalves;0;9;3;0;2;0
frango;0;9;0;0;0;0
flagrante;9;0;0;1;2;2
facebook;0;4;6;1;0;1
extremista;0;0;1;7;0;5
exibir;0;1;0;0;2;11
excluir;4;1;0;2;2;3
exceção;1;1;2;4;3;1
especulação;1;2;2;5;3;2
engevix;3;13;0;1;0;0
diplomacia;0;0;0;0;0;17
desfile;0;0;0;0;0;15
desconfiança;0;4;0;7;3;2
derrota;0;0;1;4;6;5
demonstração;5;2;0;2;0;8
critério;1;1;0;2;4;0
contabilizar;0;6;0;0;2;1
constatar;7;2;3;2;0;1
confusão;0;1;5;2;2;3
começo;1;4;2;3;2;3
chile;0;1;0;6;1;0
chico;1;7;2;1;0;0
cheio;0;3;9;3;0;1
boi;1;3;5;3;1;1
bendine;0;17;0;0;0;0
barack;1;0;0;2;0;15
articulação;1;2;0;2;8;0
argentino;0;4;3;2;0;0
apontado;7;8;0;1;0;1
aplauso;0;0;0;0;6;0
apelação;14;2;0;1;0;0
aparelho;0;4;5;2;1;0
amaral;0;2;2;0;0;0
ajuste;0;2;1;1;9;0
administrar;0;9;1;1;1;1
acolher;11;0;1;0;1;2
ásia;0;0;1;2;1;14
viabilizar;1;8;0;2;7;0
urgente;1;2;1;1;2;5
torquato;1;1;0;1;0;0
titular;4;2;0;0;6;0
tarifa;0;2;0;0;0;3
sistêmico;0;3;1;8;1;0
rogério;0;3;0;0;3;0
revolução;0;0;1;8;0;0
resistência;0;0;0;6;8;0
resistir;0;1;2;4;5;2
repórter;0;2;5;0;6;2
repudiar;2;3;0;2;0;0
relacionamento;1;7;0;1;3;3
reduzido;1;1;0;1;3;5
reconhecimento;4;1;1;2;0;2
recolher;2;7;0;4;0;0
péssimo;0;1;1;8;4;0
proibição;2;0;1;1;1;4
procuradora_geral;2;1;0;2;0;0
previdenciário;0;0;0;0;14;0
prevalecer;1;0;0;11;2;1
preconceito;0;0;1;13;0;2
postura;1;0;0;0;9;4
portal;0;2;8;1;1;4
perícia;2;8;0;2;0;0
pautar;3;2;1;6;1;0
patrício;0;3;13;0;2;0
passageiro;0;1;2;0;1;1
optar;0;2;0;3;1;3
onda;2;1;5;3;0;4
ocorrência;3;0;0;5;0;0
mata;0;1;2;1;2;0
luciano;0;2;3;0;12;0
lobo;0;2;3;1;5;0
levantamento;1;1;0;0;2;2
leandro;15;0;0;0;0;0
jefferson;4;2;4;0;5;0
irregular;0;12;0;1;0;0
intolerância;1;0;1;12;0;0
intenso;0;4;0;7;1;0
indulto;2;1;4;1;6;0
incomodar;1;0;8;4;1;2
impressão;1;2;5;6;1;1
impressionante;0;0;6;6;2;3
haley;0;0;0;0;0;18
grampo;0;8;0;0;0;0
gastar;1;2;1;9;1;0
fruto;1;2;6;5;0;0
fluminense;2;0;0;1;4;0
fila;0;2;8;0;0;0
fernandes;0;8;1;0;2;0
faturamento;0;5;0;0;0;0
explicação;0;3;1;5;1;2
estudante;0;0;1;3;0;0
estranho;4;1;1;4;3;0
diplomata;0;2;1;2;0;12
digital;0;7;6;0;4;1
convite;0;4;1;0;7;1
complementar;6;4;0;0;1;1
comemorar;2;1;0;0;7;5
cautelar;7;1;0;0;0;0
caminhar;0;1;5;2;6;1
batizar;2;2;5;0;0;2
assassinato;1;1;1;4;3;5
assassinar;2;0;1;0;0;3
armar;0;1;5;2;0;9
aproximação;1;0;2;6;4;4
apoiador;4;0;0;4;4;2
aplicativo;0;1;0;1;5;0
anular;10;0;3;2;2;0
alvorada;0;13;1;0;3;0
altura;0;0;5;4;2;3
abastecer;0;7;4;1;0;1
8a;18;0;0;0;0;0
wyllys;7;0;0;0;6;0
voar;0;0;1;1;0;11
velocidade;4;0;1;6;0;2
urna;0;0;0;2;13;0
unanimidade;11;2;1;0;1;1
turquia;0;1;1;1;0;13
tesouro;0;2;0;0;2;1
terço;0;0;1;1;10;0
terrível;0;1;8;2;2;4
sobrevoar;0;0;0;0;0;14
rota;0;0;2;1;0;2
rodovia;6;2;0;0;0;0
revisor;14;0;0;0;0;0
remédio;0;0;11;1;0;0
referido;1;1;6;1;0;0
recessão;1;0;1;3;0;0
província;0;0;1;1;0;11
preste;2;1;5;1;3;4
pmdb_al;0;1;0;0;9;0
pesado;2;3;4;0;0;5
pedaço;4;0;4;0;0;1
passagem;2;1;4;0;2;0
paris;0;0;1;7;0;4
paranaense;4;3;0;1;5;0
paciência;0;0;1;0;0;14
opor;0;0;2;4;1;10
núcleo;3;7;0;2;0;0
notório;6;7;1;1;0;0
movimentar;1;7;1;0;6;1
montante;0;5;1;0;0;0
mobilização;1;0;1;4;4;2
michael;0;0;4;3;0;10
mentiroso;1;10;1;0;0;2
marginal;0;1;1;7;0;0
maduro;0;0;10;3;2;0
luis;1;12;0;0;1;0
lixo;0;4;4;2;1;0
liberado;2;2;1;0;1;1
interceptar;0;13;0;0;0;1
intelectual;1;0;8;2;0;1
indivíduo;0;1;3;9;0;3
inadequado;1;2;2;4;4;0
illuminati;0;0;0;14;0;2
ideal;0;1;1;10;3;0
hostil;0;0;0;3;0;13
hilberto;0;15;0;1;0;0
gustavo;1;7;4;0;4;0
goiás;2;3;0;0;5;0
gado;0;5;1;0;0;1
fortalecimento;0;0;0;7;2;2
finalizar;3;0;5;1;2;4
ferreira;6;1;1;0;3;0
falha;0;2;3;8;2;2
falado;1;3;4;0;0;2
extraordinário;3;0;5;1;1;2
ex_prefeito;1;4;1;0;10;1
estruturado;0;12;0;2;2;0
estimular;0;0;4;1;0;3
esquecer;1;6;7;0;0;3
espanhol;0;0;2;7;0;5
equilíbrio;0;0;1;5;0;8
emissor;0;0;5;1;0;11
emergente;0;0;0;9;0;2
dr;5;1;4;0;0;1
documentação;7;3;0;2;0;0
depositar;0;16;0;0;1;0
democrata;1;0;0;7;5;4
cópia;1;7;2;1;1;1
cálculo;0;1;1;0;5;7
cristiane;1;1;0;0;9;0
contradição;2;13;0;1;0;0
consumidor;1;2;3;1;2;0
consultoria;1;9;0;0;1;0
consultar;1;4;4;0;3;1
cidadania;2;0;0;9;4;0
chefia;5;1;0;0;0;0
carnaval;0;1;1;1;4;0
cardoso;0;6;0;0;10;0
característica;0;0;1;8;0;6
bretas;12;3;0;2;0;0
bovino;0;2;0;1;0;0
bilateral;0;0;1;1;0;10
bandeira;0;0;2;1;8;1
bancar;0;7;6;0;0;0
avenida;0;0;0;0;5;0
art;13;0;0;1;2;0
aprovado;0;5;0;1;8;1
aplaudir;0;0;6;2;4;0
afp;0;1;0;0;0;15
acumular;2;2;0;0;2;1
acontecimento;1;1;5;2;5;2
acertado;2;7;0;1;3;0
óbvio;2;0;11;1;0;2
álvaro;1;2;0;1;10;0
vitale;0;11;1;0;2;0
vigilância;1;1;0;8;0;4
testemunho;1;14;0;1;0;0
temor;1;1;1;2;0;8
teatro;1;0;1;2;2;1
socialista;1;0;0;7;2;3
similar;3;1;0;4;2;5
segredo;3;2;2;3;0;2
rotina;1;4;7;0;0;1
rosa;5;0;0;2;0;0
romero;1;1;0;0;6;0
responsabilizar;0;1;6;0;2;6
relatoria;3;0;0;0;3;0
quantia;0;14;0;1;0;0
proximidade;0;3;0;0;0;6
proporção;0;0;1;3;1;5
portugal;1;0;1;0;0;2
porte;0;2;2;1;0;0
percorrer;0;0;1;2;1;11
penitenciária;12;0;0;0;1;0
pence;0;0;0;0;0;14
parágrafo;7;5;1;0;3;0
paralelo;1;2;0;7;1;3
papua;0;0;9;4;0;2
pac;0;1;8;0;0;0
norte_coreanas;0;0;0;0;0;16
norte_americana;0;2;0;1;1;10
molina;0;13;1;2;0;0
moderno;0;1;1;10;1;1
mineração;1;2;8;2;0;0
milionário;3;3;2;3;0;0
mg;1;4;0;5;1;0
mecanismo;0;1;1;0;0;2
marino;0;0;2;7;5;0
margem;1;3;1;2;0;0
lavar;1;8;4;0;0;1
justificativo;2;3;3;1;0;3
jogador;2;0;3;2;2;0
injusto;4;0;2;1;5;3
inflação;1;1;1;0;0;0
incentivo;0;7;3;1;0;0
implementar;0;0;1;3;4;4
identidade;1;0;1;5;0;1
homenagear;0;0;1;2;2;0
historiador;0;0;1;8;0;2
guardian;0;1;1;10;0;3
guarda;1;1;2;0;0;2
golpista;2;0;10;0;1;0
ft;0;0;1;10;0;0
formado;3;3;3;1;3;0
foloni;0;7;6;0;1;0
filósofo;0;1;6;7;0;0
fabricar;1;5;0;1;0;7
excesso;2;0;0;5;2;1
ex_tesoureiro;8;7;0;0;0;0
ex_executivo;1;14;1;0;0;0
escala;0;1;1;3;0;7
emergência;0;0;1;2;0;7
eficiência;4;0;1;1;0;0
direcionar;2;6;2;2;1;2
digno;3;0;9;2;1;1
dificultar;6;1;0;1;4;2
destaque;1;0;4;2;2;1
derrotar;0;1;0;0;7;7
demitir;0;3;1;0;5;2
decorrente;4;6;0;1;0;2
culpado;5;0;1;7;0;0
cracolândia;0;0;8;1;2;0
corrida;0;0;2;0;3;9
coração;0;0;1;3;0;7
coragem;1;0;2;11;0;0
coordenar;0;3;2;6;1;0
confirmação;4;2;0;0;1;1
concentrar;1;1;1;2;1;4
coluna;1;2;0;0;8;0
collor;1;1;7;1;2;0
cirurgia;0;0;10;0;2;0
centro_direita;0;0;1;2;10;0
ceará;0;0;0;0;7;0
caos;0;0;1;13;0;2
camex;0;7;1;0;1;0
calcular;0;3;5;1;1;2
bilionário;3;9;1;1;1;0
bala;2;2;2;0;2;3
atestar;2;2;0;4;0;1
aspecto;3;1;1;4;2;2
anual;0;2;0;0;0;4
alternativa;2;0;3;0;3;2
afetado;0;1;0;2;1;2
advertência;1;1;1;1;2;9
acm;0;0;0;5;11;0
volume;1;4;0;1;1;0
vigor;0;0;0;1;4;7
victor;11;2;0;0;0;1
verde;0;9;1;1;1;0
vargas;0;2;0;3;1;0
vaccarezza;3;6;0;0;3;0
utilização;1;4;2;0;1;1
uol;1;2;4;2;0;0
tóquio;0;0;0;0;0;14
transcrição;1;10;0;2;1;0
tolerância;0;0;1;7;0;0
tasso;0;0;0;0;6;0
sólido;1;1;0;2;0;11
superintendência;0;4;0;0;0;0
super;0;1;2;1;0;7
suborno;0;12;0;1;0;0
sentimento;0;0;5;4;3;1
sanitário;0;4;1;1;1;0
saneamento;0;1;0;3;2;0
roubo;0;1;1;1;2;0
romper;1;1;2;8;0;2
revisão;5;1;0;0;4;2
retomada;0;0;0;1;7;3
resto;0;3;1;2;3;0
restante;1;2;0;1;1;1
respeitado;4;0;0;5;0;2
repercussão;3;1;1;2;3;3
remeter;4;0;0;1;1;0
realizado;1;2;0;1;0;6
raça;0;0;0;13;0;0
quadrilha;6;1;0;2;4;0
protocolo;0;0;0;2;0;5
projétil;0;0;0;0;0;15
poupar;0;3;1;5;1;1
pobreza;0;0;1;7;0;0
planeta;0;0;3;4;0;4
petrolão;2;3;1;2;1;0
perigo;1;1;2;3;0;7
perdido;1;0;1;1;0;0
papa;0;0;6;5;0;0
oposto;0;0;1;4;1;8
oceano;0;0;1;2;0;11
narrar;1;5;2;5;0;0
napoleão;7;2;2;0;0;0
mérito;5;0;2;1;2;0
mexer;0;0;9;0;0;0
merda;0;2;7;0;5;0
may;0;0;1;4;1;8
leve;4;0;5;0;2;3
leite;4;0;1;0;2;0
lança;0;0;0;1;1;10
júnior;0;12;1;0;0;1
jurista;3;0;4;1;1;0
joaquim;1;5;2;2;3;0
isolado;0;0;1;4;1;8
intimidação;6;1;0;0;0;3
internar;2;0;0;1;0;0
interino;0;0;0;0;6;2
indonésio;0;0;2;1;0;7
hídrico;0;0;2;5;0;0
huck;0;1;2;0;10;0
hotmail;0;0;6;0;4;0
helicóptero;0;0;3;2;0;6
haiti;0;0;1;5;0;0
gilberto;0;2;4;0;6;0
geração;0;0;2;5;1;2
gay;2;1;2;1;0;0
garoto;3;3;0;0;1;2
ganho;0;6;0;1;2;0
fé;0;1;3;11;0;0
francês;0;2;0;5;0;5
fotógrafo;4;3;1;0;1;0
fortalecer;1;0;1;1;2;5
fornecedor;1;8;0;0;2;0
filiar;0;2;0;0;13;0
favorecimento;0;11;0;0;1;0
face;2;1;2;2;1;5
exploração;0;1;1;0;0;2
evidente;4;3;2;2;1;0
escalada;1;0;0;1;1;11
ensino;0;0;2;2;5;0
empregado;0;1;1;1;0;0
david;0;0;4;6;0;3
corresponder;0;4;0;1;1;1
convidar;0;2;1;1;0;6
continuidade;2;0;0;5;0;1
consulta;0;1;2;3;3;1
consenso;0;0;0;11;1;1
conferência;0;1;3;1;1;6
computador;0;9;1;1;0;0
colegiado;7;0;0;0;6;0
clube;0;1;9;1;0;2
circular;0;2;2;4;1;2
chorar;0;2;4;2;1;0
chanceler;0;0;2;1;1;11
cena;1;1;4;1;1;0
ceder;1;1;0;2;6;1
cancelar;0;0;0;4;4;5
cabo;1;1;0;1;4;3
briga;0;2;3;3;2;0
bacelar;0;11;0;0;0;0
atômico;0;0;0;3;0;11
atendimento;1;0;9;0;0;0
armamentista;0;0;0;0;0;15
ar;1;1;9;1;0;1
aposentar;1;0;1;1;6;0
aplicado;5;0;1;2;0;1
apagar;0;6;0;3;3;0
anistia;1;3;2;3;6;0
anexo;1;13;0;0;1;0
anexar;1;8;0;0;0;1
amazona;0;0;4;0;5;0
amarelo;1;2;7;1;0;0
alberto;1;4;0;0;4;0
al;0;1;0;2;5;6
advocacia;7;4;0;0;0;0
abrigar;0;1;0;0;0;4
abreu;0;5;0;0;6;0
2a;9;0;0;1;2;2
1a;5;3;0;0;0;0
zezé;0;6;3;1;0;0
yuka;0;0;7;1;1;0
vincular;0;4;0;1;0;2
vazar;0;7;0;0;0;0
vagabundo;0;1;4;0;5;0
tradicional;0;0;0;8;0;2
tanque;0;0;1;0;0;10
sujo;1;4;3;4;0;0
sucessivo;0;1;1;6;2;0
subterrâneo;0;0;0;0;0;11
subsidiário;0;9;0;0;0;0
sonoro;0;2;2;0;9;0
solicitação;1;4;1;0;3;0
santiago;1;1;1;3;1;0
sadi;1;0;0;0;2;0
ronan;3;8;0;0;0;0
rever;1;3;0;5;1;1
resumo;6;1;2;3;1;1
regimento;3;0;0;0;9;0
rastrear;0;9;0;1;0;2
querido;2;5;5;0;2;0
prêmio;1;1;4;1;2;3
progresso;0;0;0;5;0;9
produtor;0;3;0;0;0;0
privilégio;3;0;1;6;1;0
prisional;3;0;1;3;3;0
prestígio;2;1;3;1;2;3
press;0;1;2;0;0;10
presidenta;7;3;0;2;0;0
pmdb_ce;0;1;0;0;11;0
piorar;0;0;0;6;1;4
pimentel;2;3;2;4;1;0
picciani;1;0;0;0;11;0
personalidade;1;1;7;1;1;2
permanência;0;0;0;3;3;4
perdão;1;5;1;1;2;2
percentual;0;3;1;0;0;0
palco;3;0;1;0;0;0
ong;0;0;0;4;1;2
omissão;4;3;3;1;1;0
oferta;0;3;0;5;0;2
obstruir;1;3;2;0;2;0
obrigatório;0;0;1;2;3;0
nogueira;0;12;0;0;1;0
nascimento;1;2;1;0;0;3
mst;0;0;7;1;0;0
moeda;0;2;0;1;2;3
minimizar;0;1;1;3;8;0
líquido;0;0;1;0;0;3
lícito;2;4;0;0;0;0
luxo;0;2;3;1;0;0
londres;0;0;0;4;0;4
lobista;1;10;0;0;0;0
livrar;3;2;2;1;3;1
limitado;1;0;1;4;1;7
leal;1;4;1;1;0;1
laus;14;0;0;0;0;0
khan;0;0;0;1;0;10
james;0;0;1;1;0;12
istoé;0;2;1;0;2;0
iraque;0;0;0;0;0;13
inácio;2;0;3;1;0;0
interpretar;1;0;2;3;2;4
intermediário;1;7;0;1;2;3
integridade;1;2;2;4;1;0
injustiça;3;0;4;7;0;0
inferior;0;2;0;2;0;0
indiciar;2;3;0;0;5;0
indagar;0;4;4;1;2;0
incompetente;0;2;2;2;6;0
implicar;2;3;0;3;1;4
imenso;0;1;4;2;1;4
hoffmann;1;6;0;0;5;0
grécia;1;2;0;0;0;0
governante;0;0;1;9;0;3
globonews;1;2;0;0;4;0
gerenciar;0;7;0;4;1;0
george;0;0;1;4;0;9
garantido;0;0;2;6;0;3
fundador;1;0;0;1;3;5
frequentar;0;1;3;0;0;0
fracasso;0;0;0;1;4;8
fortuna;0;7;1;1;0;2
especializado;0;2;5;0;0;3
esclarecido;2;1;1;5;1;0
equivalente;0;1;0;0;0;2
enfrentamento;0;0;4;8;1;1
endividamento;0;0;0;1;2;1
emprestar;0;4;0;1;0;0
embasar;1;5;1;6;0;0
embarcação;0;0;0;1;0;11
editorial;0;0;0;12;0;1
dormir;1;0;7;1;2;1
doente;0;0;6;6;0;0
dispositivo;0;0;0;6;1;6
disparo;1;0;0;0;0;11
dimas;0;1;7;0;1;0
dilma_michel_temer;11;3;0;0;0;0
deslocar;0;0;0;3;1;6
descoberto;4;4;1;2;0;0
descer;0;1;5;0;5;0
decorrência;3;6;0;0;2;0
decisivo;0;1;1;4;4;1
curioso;1;2;3;2;0;0
cubano;0;0;1;3;0;1
cozinha;0;1;2;1;0;0
convicção;4;2;4;2;1;1
consumir;0;1;2;4;0;0
constituir;5;3;0;2;0;1
confundir;4;3;1;2;0;0
configurar;9;0;0;2;1;0
comparação;0;0;2;3;0;0
codinome;0;13;0;0;0;0
climático;0;0;0;8;0;3
celebrar;3;2;0;1;0;4
cbn;0;0;2;1;8;0
carteira;0;2;4;0;1;0
bloqueado;2;10;0;0;0;0
bloco;2;3;0;1;2;2
batalha;1;0;3;3;1;5
bangu;7;4;0;0;0;0
auxílio;1;2;0;6;0;2
assustar;0;1;0;0;7;1
artilharia;0;0;0;0;1;11
articular;0;1;1;3;8;0
arthur;0;1;0;1;10;0
apurado;11;1;0;2;0;0
apropriado;0;0;0;6;2;4
apostar;2;1;1;3;5;1
animal;0;5;2;5;0;1
andréia;1;0;0;0;2;0
alerj;0;0;0;0;13;0
abandonado;0;1;0;0;1;1
zelar;0;3;0;8;1;0