ano;66;42;54;51
dizer;75;34;29;51
novo;11;16;32;29
brasil;6;31;15;62
mesmo;21;26;12;38
dia;47;16;14;10
família;39;13;11;33
dar;13;28;26;19
ficar;34;4;29;18
samba;1;57;10;0
país;14;7;32;28
vida;16;20;29;20
passar;26;20;17;17
querer;10;7;36;17
vez;18;20;17;22
grande;12;19;18;19
empresa;8;8;8;38
contar;27;14;18;19
filho;47;7;11;11
polícia;49;1;0;18
conseguir;15;15;8;26
casa;43;9;8;8
coisa;7;24;30;7
bom;3;12;27;9
gente;8;27;18;6
falar;13;16;18;10
trabalho;10;19;13;14
só;13;14;12;17
saber;17;12;20;6
mundo;13;6;25;16
história;8;25;8;6
chegar;23;8;9;13
levar;20;16;14;6
encontrar;25;9;7;13
acontecer;18;10;20;11
achar;8;27;17;7
momento;13;15;5;12
deixar;31;7;11;10
público;8;4;3;42
afirmar;26;4;2;21
precisar;15;4;7;20
local;29;4;5;10
mulher;31;13;3;3
começar;20;7;18;6
cidade;15;3;21;16
viver;7;11;17;18
projeto;14;3;10;21
meio;15;5;18;16
paulo;10;6;12;9
possível;13;6;9;16
melhor;7;4;21;11
vir;7;13;17;8
forma;5;15;5;18
escola;3;24;8;6
mostrar;6;12;4;7
grupo;17;15;4;10
existir;12;16;6;11
bbc;4;17;5;26
voltar;18;6;16;6
caso;23;4;8;11
próprio;9;8;5;14
jornal;4;5;1;2
governo;9;2;2;35
sair;25;4;6;4
rede;12;9;5;13
pai;32;4;7;3
maior;6;10;8;21
último;10;8;6;17
problema;5;8;6;24
rio;8;3;11;4
violência;9;12;0;17
social;6;24;2;11
globo;1;10;1;1
receber;18;0;10;12
g1;11;2;24;1
exemplo;4;11;11;9
criar;3;6;15;17
trabalhar;12;13;6;7
policial;31;1;0;7
brasileiro;1;6;14;8
acabar;10;12;9;6
vítima;35;2;1;1
entrar;20;3;3;13
diferente;5;12;7;12
carne;0;1;1;31
arte;0;3;1;1
sistema;0;1;1;35
região;19;2;4;10
mês;16;2;3;13
seguir;20;3;7;1
longo;4;8;6;15
rua;15;11;4;0
jovem;24;1;5;4
criança;24;6;5;6
questão;5;21;2;3
mudar;2;8;15;7
usar;2;7;6;17
santo;15;1;6;0
morrer;28;0;2;4
direito;7;5;0;12
crime;25;4;1;8
segurança;9;3;0;23
ponto;6;13;5;7
política;0;11;1;14
pequeno;4;5;7;17
importante;3;14;3;10
ideia;2;7;11;8
ocorrer;16;5;2;6
morto;28;1;0;3
maneira;3;15;6;7
lugar;2;11;6;11
filme;6;7;12;0
bloco;0;3;0;24
blockchain;0;1;0;32
nacional;2;9;1;9
movimento;8;11;4;3
lado;10;12;3;5
homem;21;6;1;1
área;6;1;5;19
relação;3;14;1;9
rcifrão;6;1;0;18
cercar;14;1;2;13
ataque;27;0;0;1
apresentar;5;2;6;2
único;3;3;3;18
situação;9;7;3;10
próximo;5;3;9;4
porcento;0;2;2;21
passado;8;9;9;6
conhecer;4;2;8;6
cinema;2;2;2;1
time;0;1;4;0
morte;14;5;3;8
mercado;3;11;2;14
tornar;4;7;9;6
nome;10;4;7;4
nada;11;3;7;7
livro;7;6;5;0
investigação;9;1;1;6
fato;2;8;8;13
entender;9;8;5;4
sofrer;11;8;3;3
partir;7;5;6;4
ouvir;8;9;6;3
civil;21;0;0;2
centro;12;3;5;4
viagem;9;0;14;1
tomar;13;8;0;2
programa;0;3;8;12
político;4;8;2;10
permitir;2;0;5;20
noite;20;0;4;3
menina;27;1;1;0
futebol;0;7;8;0
escrever;4;3;6;1
bitcoin;0;0;0;27
bairro;15;4;2;1
avenida;6;14;4;0
acreditar;7;4;1;12
acordo;15;1;4;8
vídeo;8;1;3;0
terrorista;26;0;0;0
serviço;11;0;0;12
processo;1;10;5;7
pensar;3;11;9;2
parecer;6;10;2;6
obra;7;1;1;3
mãe;15;2;6;2
imagem;6;2;4;2
corpo;13;9;2;1
considerar;13;8;0;5
condição;10;2;1;7
york;3;0;9;0
verdade;1;7;8;6
valer;6;0;8;10
uso;4;1;0;21
uscifrão;9;1;1;5
psicopata;0;16;2;0
produto;0;0;0;20
preso;24;0;2;0
federal;5;0;0;19
diretor;2;2;3;0
continuar;5;4;7;7
amigo;12;0;10;0
reforma;0;0;0;21
realizar;3;2;1;5
neto;7;18;0;1
matar;19;3;1;0
marca;4;3;2;2
justiça;18;0;0;4
jornalismo;0;9;1;6
ganhar;1;4;14;4
equipa;1;5;1;1
capital;13;1;2;10
ajudar;11;3;5;2
vender;2;4;7;7
tirar;9;3;4;2
tecnologia;0;2;5;16
prédio;11;0;3;5
presidente;14;5;1;5
perder;7;6;7;5
morar;13;2;6;2
milhão;1;0;7;13
difícil;2;8;3;8
certo;2;12;1;6
casal;19;3;1;1
cair;9;0;6;2
ação;14;3;0;8
autor;8;3;0;2
alto;7;2;7;7
época;10;0;5;4
série;8;6;3;3
quarto;17;2;2;2
principal;5;3;2;9
participar;3;8;7;3
jogo;2;2;5;2
francês;6;6;1;1
entrevista;2;8;6;4
birri;1;2;1;0
procurar;8;7;2;4
pedir;10;1;5;4
pagar;3;1;2;15
oferecer;5;1;4;11
manter;3;1;7;10
evento;9;2;4;0
colocar;2;4;5;9
chamar;6;6;5;4
atentado;21;0;0;1
artista;5;0;7;0
antonio;15;2;2;0
usado;5;2;0;12
tv;4;2;0;0
sul;9;5;0;8
mínimo;2;0;1;19
jogador;1;1;1;0
início;4;5;5;5
humano;6;10;0;3
getúlio;5;15;0;0
econômico;0;0;2;20
droga;5;0;0;13
discussão;2;9;0;5
conhecido;7;2;8;3
causa;11;4;4;1
camus;2;2;0;0
branco;11;7;0;2
banco;0;4;2;16
atual;3;4;0;12
ambiente;2;6;3;8
volta;14;0;2;4
semana;2;1;7;3
renata;2;1;0;3
registrar;9;1;0;6
produzir;0;2;2;17
mão;9;0;1;11
mudança;0;2;2;13
lembrar;7;1;7;1
isabella;18;0;0;0
incluir;5;1;3;8
esperar;6;3;7;3
diverso;8;2;3;6
dado;1;1;1;18
carnaval;0;18;1;0
velho;12;4;0;1
unido;10;2;4;1
trazer;0;4;5;9
show;2;0;17;0
preciso;1;2;8;8
possibilidade;7;4;1;9
pedido;10;0;3;4
organizar;3;1;1;2
olhar;5;8;3;3
ocupação;11;1;0;8
novela;0;4;14;0
música;1;1;16;0
internet;0;2;8;7
guerra;7;2;1;7
geral;2;5;3;5
fossar;9;1;2;7
explicar;8;5;0;5
sentir;10;4;2;1
sentido;2;10;2;2
personagem;1;13;4;0
perceber;5;3;3;2
operação;2;0;1;15
número;5;1;4;8
norte;13;2;2;2
minuto;11;0;5;1
ministério;5;1;0;11
medida;4;2;1;11
junto;2;9;2;4
itália;2;1;0;6
informação;4;4;1;6
imóvel;4;1;0;14
gostar;2;2;7;0
faixa;0;0;3;1
evitar;5;7;0;7
estudar;1;2;12;1
espaço;2;1;0;6
cultura;0;11;3;1
cliente;10;1;2;5
bater;8;2;6;1
antigo;3;7;6;2
andar;6;1;7;2
advogado;7;1;0;1
valor;2;1;1;12
risco;4;0;0;15
ratton;0;0;0;19
população;2;2;0;14
pegar;10;2;4;0
nascer;2;10;2;1
londres;16;0;1;0
lei;4;1;1;11
jornalista;2;6;0;2
janeiro;2;1;6;5
final;5;5;1;2
discurso;1;10;2;0
dificuldade;1;2;5;6
descobrir;2;1;5;2
comprar;1;1;4;9
chamado;7;1;2;8
carreira;0;1;10;0
capacidade;1;6;4;5
caminho;3;6;1;3
belo;8;4;3;1
baixo;2;3;4;6
agente;4;6;0;6
the;3;1;2;0
tarde;12;2;1;2
servidor;0;0;0;14
saúde;4;0;0;13
restaurante;8;0;1;3
real;3;6;1;5
previdência;0;0;0;13
médico;13;0;0;3
mineiro;0;1;1;14
maílson;0;0;0;18
ler;7;2;0;1
italiano;0;0;1;10
irmão;7;1;0;0
identificar;9;2;0;5
força;4;1;3;4
especial;2;1;3;10
dinheiro;1;1;7;9
construir;0;4;3;10
compromisso;0;8;0;9
bunuel;6;5;0;0
atuar;3;3;6;2
atividade;3;0;0;14
vizinho;9;2;1;3
tributário;1;0;0;12
transformar;3;2;8;2
transação;0;0;0;16
tentativa;4;3;1;7
sonho;1;4;6;2
sociedade;1;8;0;7
seguro;4;3;1;6
seguinte;1;4;4;2
salário;3;0;1;12
produção;1;2;0;8
prisão;15;0;0;1
pesquisa;0;1;2;3
parar;4;6;2;3
município;0;0;1;16
medo;12;1;2;1
março;15;0;1;0
informar;9;2;0;0
fundo;1;0;0;10
funcionário;6;0;0;7
frança;6;2;2;0
famoso;3;0;8;0
estrada;11;0;3;1
crescimento;0;1;1;13
comer;3;3;7;1
acompanhar;9;2;1;4
vista;2;5;4;3
universidade;4;1;2;4
terceiro;3;2;4;4
taxa;1;0;0;14
solução;0;0;1;11
reunir;5;2;1;0
proposta;0;0;3;9
padrão;0;7;1;5
oficial;9;0;1;0
motivo;5;0;6;1
livre;1;4;6;1
lincoln;10;1;0;0
lidar;2;2;3;4
jogar;4;4;3;2
garantir;4;1;0;10
fundamental;2;6;0;4
funcionar;2;0;1;9
forte;6;4;2;3
euro;0;0;1;10
espécie;0;7;3;3
comunidade;2;5;2;3
claro;1;5;4;3
campo;1;1;3;7
cabeça;10;0;1;4
avô;15;1;0;0
aprender;0;5;5;1
apontar;4;0;2;3
aparecer;6;3;6;1
alexandra;10;2;1;0
acidente;3;0;1;0
aberto;0;2;4;4
utilizar;3;2;0;8
trauma;9;3;1;1
tender;2;5;4;1
superior;1;0;0;10
silva;9;1;1;0
revelar;3;2;3;4
resultado;1;0;5;1
responder;3;0;7;3
prefeito;0;0;0;14
pessoal;3;4;4;1
papel;3;7;2;3
novembro;5;0;1;2
nota;8;0;1;4
moto;11;0;2;1
moderno;0;6;1;2
militar;11;0;0;2
ligar;4;4;0;1
futuro;0;5;0;9
função;0;4;0;5
especialista;1;0;0;6
envolver;6;2;2;2
década;1;5;4;2
divulgar;5;1;1;6
depender;0;3;5;5
decidir;6;1;3;3
cultural;2;9;0;3
criação;3;1;1;7
criatividade;0;1;11;0
controlo;1;4;0;7
conteúdo;0;0;5;3
busca;4;2;1;6
ator;0;0;12;0
alegar;12;0;0;3
índio;4;3;0;3
virar;3;0;5;3
up;0;0;12;0
teatro;0;1;9;0
sucesso;0;1;7;1
stand;0;0;12;0
servir;3;3;1;3
sentar;5;4;1;1
roberto;2;7;0;0
recurso;1;1;0;10
razão;0;7;2;2
qualidade;0;1;1;8
prêmio;0;4;3;1
presente;1;7;2;2
período;0;3;2;4
permanecer;2;1;1;9
papelão;0;0;0;10
palavra;2;4;4;0
operar;1;2;1;5
negro;10;1;0;1
manifestar;0;0;0;3
loja;3;0;0;2
legal;1;6;4;1
imprensa;7;3;0;2
hotel;5;1;1;0
governador;0;0;0;14
gosto;0;1;9;0
frente;5;1;4;1
foto;8;3;2;0
estúdio;0;5;0;0
entregar;7;0;6;0
dor;8;0;4;1
determinado;0;3;0;10
defender;6;1;3;1
dedicar;2;1;3;2
dan;0;3;11;0
correto;0;11;0;3
correr;9;0;1;2
conversar;4;4;1;3
contrário;3;5;1;4
construção;1;6;0;4
começo;3;4;2;1
carro;10;1;0;2
carlos;4;0;3;4
buscar;2;6;0;4
bonito;2;9;1;0
análise;2;3;1;2
alimento;1;1;0;12
verde;1;4;1;1
vargas;3;8;0;0
tocar;2;3;4;2
stulbach;0;3;10;0
sp;5;0;1;1
setor;2;0;0;10
rádio;0;2;9;1
responsável;6;0;0;5
reportagem;7;1;1;2
relatar;11;1;1;0
recente;2;0;1;4
questionar;7;1;1;1
professor;1;1;1;2
peça;0;3;4;0
pacto;3;0;0;10
olho;8;0;4;1
nível;2;1;0;7
notícia;1;4;1;1
museu;3;0;0;1
lançar;0;1;6;6
internacional;5;2;0;0
ideal;1;1;2;2
idade;4;4;0;3
homicídio;4;0;0;8
histórico;3;5;0;2
habitante;0;1;1;11
fóssil;0;0;0;11
familiar;3;5;1;2
falta;2;4;1;5
exigir;4;2;1;4
estudo;0;8;2;1
estudante;10;0;0;2
energia;0;1;3;7
distrito;3;1;1;1
discutir;1;6;0;3
delegado;6;0;0;5
custo;1;0;1;11
curso;1;2;5;1
conselho;11;1;0;1
confirmar;6;0;2;4
companhia;4;0;1;2
clássico;0;2;1;1
cenário;0;3;4;0
central;1;1;6;3
canal;1;0;1;2
bruno;12;0;0;0
broadcast;0;0;0;13
autoridade;6;2;0;2
aprovar;3;1;0;8
alexandre;10;0;0;0
zona;7;1;0;4
utilização;2;1;0;8
usuário;1;0;0;9
turista;7;2;3;0
tso;11;0;0;0
trocar;5;0;1;4
tratar;2;6;0;0
televisão;2;2;7;0
superar;2;4;1;3
sala;2;0;4;0
rússia;1;3;6;0
russo;0;0;8;0
respeito;1;7;1;2
regra;0;0;5;7
regime;9;0;0;3
queda;5;0;1;1
quantidade;0;2;0;8
proteção;5;1;0;6
prioridade;0;7;0;4
plano;1;2;6;3
pernambuco;0;1;0;8
otto;8;0;1;1
origem;1;6;0;1
org;4;0;0;0
observar;4;3;3;2
objectivo;2;1;1;5
necessário;4;0;0;5
nardoni;7;1;1;0
mídia;1;7;0;1
mudo;0;4;3;3
menino;7;0;2;0
marido;9;0;1;0
mariana;2;1;4;3
manhattan;8;0;0;0
mandar;5;0;6;0
luta;8;1;0;2
km;7;0;3;0
joão;2;3;5;0
investimento;0;0;0;12
imaginar;5;3;1;1
gênero;7;5;0;0
graça;1;2;5;2
geração;0;4;3;4
gerar;0;1;1;10
financeiro;0;1;1;9
figura;0;5;1;0
fechado;1;0;2;5
fantasia;2;7;0;1
experiência;0;1;3;0
equipamento;2;0;1;7
enfrentar;8;0;0;1
empatia;1;1;5;1
economia;0;2;0;9
desenvolvimento;1;2;0;9
crédito;0;0;0;8
crescer;0;5;2;3
condenar;9;1;0;2
comunicado;8;1;0;0
compra;0;1;2;6
característica;0;4;0;7
cara;1;1;8;1
cantor;3;0;9;0
cantar;0;2;4;0
bridge;11;0;1;0
bitcoins;0;0;0;11
aumentar;2;0;0;8
anunciar;5;2;0;3
aluguel;0;0;1;10
ajuda;4;0;4;3
água;3;0;1;5
violento;2;0;0;7
vilarejo;1;1;1;7
via;3;3;1;3
veículo;7;0;0;3
transporte;7;1;0;2
tragédia;2;2;0;1
texto;0;0;8;0
testemunha;10;0;0;0
tela;2;1;0;2
século;0;6;2;2
sábado;9;0;1;0
subir;4;0;3;0
sozinho;6;1;1;3
seguida;7;1;1;1
resolver;2;1;0;6
repórter;1;0;1;2
representar;2;4;1;3
referência;0;5;2;1
provocar;6;4;0;0
programação;2;0;0;3
processamento;0;0;0;10
preparar;1;1;7;0
preconceito;0;8;0;0
porto;7;1;2;1
popular;0;3;3;2
plataforma;1;1;0;6
pena;6;1;2;1
parque;2;0;7;0
ocupar;1;1;2;2
normal;3;6;1;1
morador;4;2;0;3
metrô;8;1;1;0
metro;6;0;0;2
mecanismo;1;2;0;8
massa;1;0;1;9
manifestação;0;6;1;0
london;11;0;0;0
localizar;8;0;0;2
lago;8;1;1;1
lacovara;0;0;1;9
impacto;3;7;0;1
grave;8;1;0;1
físico;5;1;0;4
fácil;0;4;1;5
festa;0;7;1;0
fator;0;6;0;4
estrangeiro;3;0;3;2
estadual;4;0;0;7
enorme;3;1;1;1
enigma;0;0;0;10
emoção;2;3;4;0
elemento;0;3;0;5
decisão;2;1;0;3
david;7;1;0;0
dano;7;0;0;1
criativo;0;4;3;0
contexto;0;5;0;4
conceito;0;4;0;0
chão;4;1;3;0
certeza;2;2;3;1
básico;1;0;0;8
ato;9;0;0;0
atingir;4;2;2;1
atacar;9;1;0;0
apoio;4;0;2;3
aluno;0;1;4;3
altitude;10;0;0;0
aceitar;2;2;2;4
ácido;0;0;0;9
versão;1;1;2;5
verdadeiro;2;3;1;3
van;8;0;0;0
trabalhador;1;4;0;5
supermercado;7;0;0;1
site;0;0;2;3
significativo;0;4;0;6
sexta_feira;5;0;0;2
sambalanço;0;0;9;0
roteiro;2;1;3;0
reginaldo;9;0;1;0
reduzir;0;0;0;10
recuperar;5;4;0;1
realidade;1;2;1;4
putin;0;1;7;1
psicológico;8;0;1;0
proprietário;1;0;0;4
princípio;2;0;2;4
preço;0;2;2;5
prever;3;0;1;6
prevenção;1;0;0;6
prestar;2;0;3;4
preferir;4;0;2;1
pedreira;0;0;0;9
passagem;6;0;0;0
participação;2;2;3;0
paris;6;4;0;0
palestra;2;0;5;0
pagamento;2;0;0;8
ouro;5;0;1;0
necessidade;2;1;1;4
médio;1;0;4;4
moral;4;3;0;1
montanha;8;1;0;0
moeda;1;0;0;9
menor;2;0;1;7
market;6;1;0;0
marcar;3;3;2;2
manhã;8;1;0;0
língua;0;0;2;2
livros_razões;0;0;0;10
livro_razão;0;0;0;9
leh;10;0;0;0
king;8;0;0;0
jeito;2;1;7;0
investir;0;0;0;8
incrível;0;5;2;1
hash;0;0;0;6
ferido;10;0;0;0
felício;0;0;0;10
fallon;1;1;1;0
facção;0;0;1;6
expor;5;0;0;4
eua;4;0;1;2
esposo;8;1;1;0
escolha;3;0;0;6
erro;0;1;1;1
encontro;4;1;2;0
encaminhar;7;0;1;2
el;3;4;1;0
diário;7;1;0;1
diálogo;1;1;0;2
distribuir;0;0;0;9
disputa;2;0;2;2
digno;0;0;3;7
digital;0;0;1;6
dezembro;4;1;0;1
devido;4;3;0;1
delegacia;10;0;0;0
cérebro;2;5;1;0
conjunto;1;1;2;4
conhecimento;5;3;1;0
comida;3;2;1;4
cobrir;3;1;0;5
cabeçalho;0;0;0;5
burger;7;0;1;0
britânico;6;1;1;1
bar;4;0;3;0
audiência;3;4;0;0
atração;1;1;3;0
atitude;2;4;0;1
assunto;4;3;1;1
apresentação;0;0;5;0
apartamento;4;1;2;1
americano;5;1;2;1
adotar;1;3;0;4
abrir;0;0;5;3
warmbier;7;0;0;0
visitar;6;1;2;0
vila;6;0;2;0
técnico;0;1;0;2
técnica;2;1;1;1
trajetória;0;6;1;1
tradicional;1;3;3;1
total;1;0;4;3
teto;5;0;0;3
tema;0;5;1;2
rodar;3;0;2;3
reunião;2;1;2;0
retirar;7;1;0;1
ressaltar;3;1;0;5
repetir;0;6;0;2
reintegração;9;0;0;0
reino;8;0;0;0
registro;2;0;0;5
redução;1;0;0;8
quilômetro;2;1;1;3
quadro;2;1;0;4
psicopatia;0;5;1;0
prova;0;0;1;7
propor;2;1;0;4
produtividade;0;0;0;7
privado;1;0;0;5
preparação;1;4;0;2
prazo;1;0;1;6
posto;0;0;2;4
posse;8;0;0;1
porta;4;0;3;0
ponte;8;0;0;0
partida;1;1;0;1
oportunidade;0;2;1;4
oliveira;5;0;2;0
natural;2;2;0;2
méxico;6;2;0;1
mineração;0;0;1;8
milhar;2;2;1;4
mensal;0;0;0;9
malandro;2;4;0;0
maio;3;3;3;0
legítimo;3;0;0;0
jatobá;8;0;0;0
investigar;6;3;0;0
interior;7;0;0;0
interessante;0;4;1;0
instrumento;0;2;0;2
instituição;0;2;0;7
iniciar;3;0;1;3
ingrediente;0;0;0;8
independente;0;2;0;5
incidente;9;0;0;0
império;0;7;2;0
impossível;2;1;1;4
hospital;9;0;0;0
horário;3;2;0;0
guarda;6;0;2;0
gritar;8;0;0;0
gratuito;1;2;1;2
fé;0;1;0;2
fugir;4;1;3;0
formação;0;1;3;4
feliz;0;4;3;0
fama;0;0;9;0
falha;1;0;0;6
executivo;1;2;1;3
europeu;0;2;0;3
estrutura;3;1;2;1
estratégia;2;0;0;3
esperança;2;2;4;1
enviar;2;1;1;4
eliminar;0;2;1;6
elenco;0;0;3;0
desenvolver;1;0;1;5
deputado;4;0;0;4
departamento;2;1;1;2
definir;0;0;0;3
convencer;3;2;0;4
conter;0;1;0;6
consumidor;2;0;0;4
conflito;0;3;1;4
compreender;1;6;0;2
chirikova;4;1;2;2
cheio;3;0;3;1
chave;2;2;1;3
causar;6;0;1;1
capaz;0;1;1;7
camada;0;2;1;6
brasília;4;0;0;0
bossa;0;0;6;0
bomba;6;0;1;2
beleza;3;6;0;0
base;2;0;0;6
assumir;2;0;0;2
ascórbico;0;0;0;8
ar;2;1;6;0
apropriação;0;8;0;0
aplicativo;3;0;1;3
analisar;0;1;2;1
amplo;1;0;0;5
amar;7;0;0;0
alegre;7;0;1;1
voz;2;1;2;0
vontade;0;3;5;0
unidade;3;1;0;4
título;1;0;2;1
tráfico;2;0;0;5
tlp;0;0;0;7
terreno;1;0;1;6
terra;2;0;5;0
termo;2;0;2;2
terminar;3;1;0;0
suspeito;7;1;0;0
suspeita;8;0;0;0
suficiente;0;2;0;5
substituir;0;1;0;3
som;0;1;5;0
sobreviver;6;1;1;0
significar;0;1;1;5
segunda_feira;5;0;0;1
saída;4;1;1;0
sambar;0;3;1;0
revolução;0;3;0;4
resposta;1;2;1;2
reserva;4;0;0;0
renda;0;1;0;7
racial;6;1;0;0
pé;1;3;2;1
publicar;3;0;1;0
pressão;1;4;0;0
presa;4;0;2;2
passo;1;2;1;4
ouvido;4;1;0;1
original;0;0;1;4
organização;1;1;1;3
ordem;5;0;0;1
opinião;1;5;0;1
negar;5;1;1;1
metade;1;1;1;4
mercadoria;0;1;2;2
melhorar;0;3;1;2
marinho;0;6;0;1
marco;1;0;4;2
machista;2;3;1;0
lutar;2;5;0;0
limite;1;0;0;3
lamentar;6;0;1;0
junho;3;1;1;2
josé;1;2;0;5
jornada;4;1;2;0
inglês;1;0;3;1
influenciar;3;2;0;1
impedir;2;1;0;4
humor;0;3;3;0
greve;6;1;0;0
grau;2;0;3;2
frio;5;2;1;0
formato;0;0;4;0
fiscal;0;0;0;8
filósofo;4;1;0;2
ferida;8;0;0;0
fechar;2;2;0;2
extinção;0;0;0;7
estátua;5;0;2;0
estação;6;0;0;1
esporte;0;1;1;1
espetáculo;0;1;5;0
espectador;2;1;1;0
escolher;1;2;2;3
envolvido;2;0;0;4
eletrônico;1;0;0;2
efeito;3;1;1;2
dúvida;0;4;0;1
débora;8;0;0;0
documento;1;0;1;4
divertir;0;3;3;0
disputar;4;0;2;1
direção;6;0;0;0
diminuir;1;1;0;5
descartar;7;1;0;0
demonstrar;2;0;0;1
democrático;1;1;1;2
defesa;6;0;0;1
debate;1;4;1;0
costumar;2;0;0;2
costa;1;0;1;4
cortar;4;1;1;1
conversa;5;0;1;0
contrato;0;0;0;6
concluir;1;2;0;3
comum;1;0;1;5
comprovar;1;2;0;5
complicado;0;0;3;3
completo;4;0;1;1
compartilhar;4;2;1;1
comemorar;2;2;0;0
citar;0;2;1;4
cientista;0;2;0;4
china;7;1;0;0
cena;4;1;1;0
categoria;1;0;0;6
campanha;0;1;0;5
autêntico;0;4;0;0
atuação;0;1;0;6
atenção;0;0;5;2
atendimento;4;0;0;3
assembleia;1;0;0;6
assassino;0;4;0;0
aproveitar;3;0;3;0
aposentadoria;0;0;0;8
ambiental;2;1;4;1
agência;3;1;0;1
adquirir;0;0;2;4
adorar;0;3;3;0
acre;6;0;0;0
ônibus;6;0;0;0
órgão;4;1;1;1
visita;1;0;5;0
viajar;1;0;5;1
urbano;0;0;2;1
união;2;0;2;3
tutelar;7;0;0;0
triste;6;0;0;0
tribunal;5;0;0;2
tiro;6;0;0;0
tio;7;0;0;0
tensão;2;3;0;0
tendência;0;0;0;5
temporada;3;0;2;0
tamanho;0;1;0;5
surpresa;1;3;1;0
subsídio;0;0;0;5
startups;0;0;1;6
sinal;0;1;0;2
senhor;0;2;0;3
sede;2;0;1;3
sapato;0;3;2;1
ruim;0;0;6;1
roupa;1;3;1;1
roubar;5;1;0;1
rir;0;0;6;0
resto;2;0;3;2
reconhecer;0;2;1;2
racista;2;3;0;0
quinta_feira;5;0;0;1
prático;1;0;0;3
promover;1;2;0;2
prisional;0;0;0;7
preto;5;1;0;0
pretender;1;1;3;2
preocupação;5;0;0;2
potencial;0;1;2;3
policiamento;1;0;0;6
pobre;3;0;0;3
piada;0;1;6;0
pf;0;0;0;7
pescoço;6;0;0;0
perdido;4;0;1;0
perda;3;0;1;2
percorrer;0;0;5;2
paisagem;3;1;3;0
ong;4;2;0;0
of;3;0;1;0
ocorrência;6;0;0;1
obrigar;1;1;2;3
nodar;0;0;0;7
mágico;0;4;1;0
musical;0;3;4;0
municipal;0;0;1;3
moscou;1;3;1;0
moradia;0;0;0;6
modo;0;0;2;5
modesto;7;0;0;0
misturar;0;4;3;0
mensagem;2;0;4;0
memória;2;1;1;0
mediação;1;1;0;4
mau;2;0;1;1
maria;2;2;3;0
mar;2;1;0;2
madrugada;7;0;0;0
luiz;2;0;0;5
linguagem;0;1;0;3
leste;2;2;1;0
leitor;0;3;2;0
julho;4;0;0;1
jersey;2;0;0;2
itapetininga;6;0;0;0
islâmico;6;0;0;0
interno;1;0;0;5
intenção;4;1;1;1
intelectual;0;5;0;0
integrar;1;2;0;1
iniciativa;0;0;0;6
indústria;0;3;1;3
incentivo;0;1;0;6
ilegal;4;0;0;3
gravar;1;1;4;0
gasto;0;0;0;6
frango;0;1;0;4
fevereiro;1;0;2;2
favela;7;0;0;0
fase;2;1;1;0
explorar;2;0;2;0
etapa;0;0;2;3
estética;0;2;1;0
estabelecer;0;1;0;3
esquecer;3;1;3;0
espanha;4;1;1;0
esfaquear;6;0;0;0
escondido;4;0;1;0
equilíbrio;0;2;1;4
epi;0;0;0;6
entusiasmo;0;0;0;6
entrada;4;1;1;1
educação;1;0;1;3
domingo;6;0;0;0
diversão;0;6;1;0
destacar;3;2;1;1
desfilar;1;5;1;0
declarar;6;0;0;0
curtir;0;0;6;0
crise;1;0;0;6
coragem;4;1;0;0
convidar;0;0;5;0
convidado;2;1;0;1
continuidade;0;1;0;6
contido;3;0;0;4
conquistar;2;3;1;0
compositor;0;0;6;0
complexo;2;0;0;3
complementar;1;0;0;5
combater;1;1;1;3
comandar;0;1;4;0
colega;2;1;0;2
circunstância;0;6;0;1
chefe;3;1;1;1
cemitério;5;0;0;1
cadeia;6;0;0;1
bruxelas;7;0;0;0
brf;0;0;0;7
borges;7;0;0;0
bolsa;0;0;4;3
belga;6;0;1;0
bateria;0;5;0;0
basear;1;0;0;6
avaliação;1;0;0;3
autorização;2;0;0;4
aumento;0;0;0;5
atrair;0;1;0;6
atender;4;1;0;1
associar;2;2;0;3
assistir;4;0;1;0
argentino;2;1;0;0
alíquota;0;0;0;5
alternativo;0;0;1;4
alice;0;0;0;7
alerta;4;0;1;0
agressão;4;0;0;1
agredir;6;0;0;1
agir;3;1;0;1
agenda;0;0;3;3
aeroporto;7;0;0;0
administração;2;0;2;3
acrescentar;0;0;0;7
acolhimento;3;0;2;1
acolher;1;2;1;2
acesso;4;0;0;0
absurdo;2;2;2;0
abrigo;7;0;0;0
willie;5;0;0;0
votação;0;0;0;4
vivo;3;1;1;0
viajante;1;1;2;1
vermelho;3;1;0;0
verificar;4;0;0;2
típico;1;2;1;0
turístico;1;0;3;0
trecho;3;1;0;1
transferir;4;0;0;2
terça;3;1;0;1
temporário;2;0;0;2
temer;1;0;0;5
tarefa;2;0;0;4
símbolo;0;4;1;0
sério;1;2;1;0
sustentar;1;0;0;5
surpreender;0;4;1;0
surgir;1;2;2;0
suicidar;5;0;1;0
sugerir;1;1;3;1
substância;0;0;0;6
sonhar;1;0;2;2
solucionar;0;0;0;6
soares;1;0;2;1
sexual;1;4;0;0
sequência;0;0;3;2
salsicha;0;1;0;5
rural;0;1;0;2
rota;3;1;1;0
rosto;3;1;0;0
roda;3;0;3;0
riso;1;0;4;0
rico;2;1;1;1
retorno;1;0;2;2
respeitar;2;0;1;2
residência;2;0;0;4
relembrar;4;0;2;0
reação;1;2;0;0
rafaela;4;0;1;0
querido;3;1;1;0
quadra;0;2;0;1
pt;1;1;1;1
provar;1;0;1;3
proteína;0;0;0;3
propriedade;0;0;1;3
profundo;2;2;0;2
profissão;0;2;1;2
primo;4;0;0;0
presença;0;0;0;5
prejudicar;0;0;2;3
prazer;2;1;3;0
posição;4;1;0;0
plástico;2;0;0;1
pleno;2;3;0;1
plateia;0;0;4;0
pior;0;4;0;2
peso;1;0;2;2
pertencer;5;0;0;0
perspectiva;1;0;2;1
perigoso;0;3;1;0
perguntar;6;0;0;0
pedro;2;0;0;4
pedra;3;1;0;1
pedestre;6;0;0;0
paz;2;2;1;0
partido;1;1;0;2
park;2;0;2;0
parede;5;0;0;0
parecido;2;1;1;2
painel;2;1;0;0
orientação;1;1;1;0
opção;1;0;1;3
optar;2;1;1;2
onda;1;0;4;1
ocupado;2;0;1;2
obter;0;1;2;3
negócio;0;1;2;3
natal;3;0;1;0
nascimento;0;3;0;1
nakamoto;0;0;0;6
máximo;2;0;1;2
mr;0;2;3;0
mito;0;3;1;0
membro;2;1;0;2
marcha;1;4;0;0
maravilhoso;3;1;0;0
luis;2;0;1;0
juventude;2;1;0;0
juiz;5;0;0;1
jbs;0;0;0;5
invadir;2;0;1;1
interpretação;0;3;0;2
interpretar;1;2;3;0
interesse;1;1;0;1
inteiro;0;0;1;3
instituto;2;0;0;1
inss;0;0;0;5
inovação;0;1;2;2
inocente;3;1;0;0
infância;3;2;0;0
indiano;6;0;0;0
indenização;4;0;0;0
incorporar;0;1;0;5
imposto;0;0;0;6
ideologia;0;2;0;3
icms;0;0;0;5
hipótese;3;0;0;2
herói;0;2;1;0
gestão;0;1;1;3
garoto;3;2;1;0
fã;2;1;3;0
frequência;1;0;0;3
forçar;4;0;0;0
formar;3;0;1;2
fila;1;0;2;1
federação;1;0;0;3
fast_food;4;0;2;0
faca;6;0;0;0
exército;4;1;0;1
extremo;2;1;0;0
exterior;1;0;5;0
expressão;1;1;0;1
explosão;4;1;0;1
exercer;2;1;0;0
ethereum;0;0;0;4
etc;1;0;2;2
esquerdo;0;0;0;4
específico;0;2;0;4
especializado;1;0;0;2
espancar;6;0;0;0
espalhar;1;1;1;2
esforço;0;1;1;4
esconder;4;1;0;1
escapar;0;1;0;4
errado;0;4;0;2
entrevistar;2;1;2;0
engenheiro;0;0;0;6
emprego;0;1;1;4
embutido;0;2;0;4
edifício;5;0;0;1
drama;5;0;1;0
dormir;5;1;0;0
dono;1;0;0;2
disponível;0;1;3;2
direto;2;1;3;0
dinossauro;0;0;1;4
diferença;2;0;1;2
deus;0;2;3;0
determinar;6;0;0;0
destino;1;1;3;1
desocupação;5;0;0;1
depoimento;5;0;0;0
data;4;0;1;1
custar;4;0;0;1
cumprimento;4;0;1;1
criticar;0;2;1;2
criminoso;3;0;0;3
criminal;2;1;1;2
cotidiano;2;0;1;1
coração;3;1;1;0
copa;0;0;2;1
contato;1;0;2;0
consumo;0;1;1;4
consumir;1;0;0;4
constante;0;2;0;2
consequência;1;3;1;1
confiança;0;2;1;2
conferir;1;0;1;2
conduzir;1;2;0;2
concepção;0;2;0;2
comparação;0;3;0;0
cobrar;2;1;0;1
classe;1;2;0;2
ciência;1;2;1;0
circulação;1;0;0;4
ciclo;0;0;1;2
chorar;5;0;1;0
choque;1;1;1;1
cerebral;1;3;1;0
carteira;0;0;1;4
brooklyn;1;0;2;0
bndes;0;0;0;5
bloqueio;2;0;1;0
blockchains;0;2;0;4
bastar;0;1;1;3
baseado;0;0;1;4
barraco;5;0;0;1
auxiliar;2;0;4;0
atropelar;6;0;0;0
ativista;0;1;4;1
atendente;6;0;0;0
assassinato;2;1;0;3
apurar;5;0;0;0
anterior;0;0;1;4
angelique;4;0;2;0
amor;0;0;4;0
alvo;1;0;1;1
alugar;4;0;0;2
alternativa;0;0;1;5
alimentar;4;0;1;0
acusar;5;1;0;0
abandonar;1;0;4;1
abandonado;1;1;0;3
ótimo;0;0;5;0
volume;0;2;1;1
visitante;0;1;3;1
venda;0;0;1;4
un;2;2;0;0
túnel;5;0;0;0
tributação;0;0;0;5
tranquilo;1;0;0;4
teste;2;0;2;0
tesouro;0;1;0;3
terça_feira;4;0;0;1
terrorismo;3;0;0;0
território;0;0;1;4
sócrates;0;3;2;0
supremo;3;0;0;2
state;0;0;3;0
sofrimento;2;1;0;2
sobreiro;5;0;0;0
singularity;0;0;4;0
setembro;0;0;2;2
sensação;2;1;2;0
secretaria;0;0;0;3
saudade;1;1;2;0
salão;0;1;4;0
sabiá;0;0;5;0
rs;1;0;0;3
ritmo;0;0;2;3
retornar;4;0;0;0
restante;1;0;1;3
religião;1;1;0;1
relato;4;1;0;0
relacionar;3;0;1;0
refém;4;0;0;1
reforçar;1;2;0;1
reclamar;4;0;1;0
recife;0;0;3;2
raro;1;1;0;1
rapaz;2;0;2;0
racismo;3;0;0;0
pós_traumático;5;0;0;0
protesto;0;5;0;0
proteger;2;1;0;1
propósito;2;2;0;1
produtor;0;1;2;1
procedimento;0;0;0;4
poço;0;0;0;5
pousar;3;0;0;0
possuir;0;3;1;0
pontuar;1;0;0;2
pm;5;0;0;0
plantão;3;0;0;0
planejar;1;2;1;0
pintar;1;0;4;0
perna;3;1;1;0
pergunta;0;2;0;1
perfeito;0;2;1;0
pensamento;3;1;0;1
pedaço;2;2;0;1
paulista;1;0;3;0
paterno;3;0;0;0
passeio;2;0;1;1
parado;2;0;1;1
pangong;5;0;0;0
paleontólogo;0;0;2;2
palco;1;0;3;0
ostentar;0;3;0;1
orçamento;2;0;0;2
orientar;1;1;1;1
noção;1;3;0;0
novidade;0;2;1;1
nora;5;0;0;0
nerd;0;0;5;0
muçulmano;4;1;0;0
mundial;0;2;0;1
motivar;2;0;2;0
modelo;0;0;2;2
mistura;0;1;1;3
minério;0;0;1;2
meta;1;1;1;1
mesa;1;2;2;0
mata;3;0;0;0
madrasta;5;0;0;0
luz;2;2;0;1
luiza;2;0;3;0
lira;0;4;0;0
linha;1;1;1;0
limpo;1;2;0;2
ligação;1;0;0;3
liderança;0;1;0;2
libertar;0;2;1;1
letra;0;2;2;0
lembrança;1;1;2;0
legislativo;0;0;0;4
le;5;0;0;0
lama;0;2;1;0
ladakh;5;0;0;0
juro;0;0;0;4
juliana;4;0;1;0
judiciário;1;0;0;4
judicial;5;0;0;0
jantar;1;3;1;0
janela;4;0;0;1
iva;0;0;0;4
ismael;3;1;0;0
irineu;0;5;0;0
inversand;0;0;0;5
intolerância;1;2;0;0
intervenção;1;0;0;3
interessar;1;0;1;1
integração;0;0;0;4
individual;0;0;1;4
indicado;2;0;1;0
inaugurar;0;4;0;0
importar;0;5;0;0
ilha;0;0;2;2
ignorar;0;0;0;4
ideológico;2;0;0;2
homenagem;1;1;1;0
himalaia;5;0;0;0
hegemônico;1;2;1;1
habitação;1;0;0;4
gigante;0;2;0;2
gafieira;0;0;4;0
funcionamento;0;0;0;4
fraude;0;1;0;4
focar;0;1;1;3
floresta;0;2;2;1
financiar;1;1;0;3
ferimento;4;0;0;0
feira;1;2;1;1
fazenda;0;2;0;3
facilidade;1;1;0;3
facada;5;0;0;0
existência;0;2;0;2
exercício;0;0;1;4
excelente;0;0;1;2
ex_presidente;2;2;0;1
evidência;2;0;0;3
europa;0;0;5;0
eterno;1;3;0;0
estrutural;0;0;0;3
estresse;5;0;0;0
estreito;1;2;1;0
estereótipo;0;5;0;0
estabelecimento;3;0;0;1
esportivo;0;0;5;0
escolar;0;0;0;5
entretenimento;0;2;1;0
ensaio;0;3;0;0
empire;0;1;2;0
emocionar;0;2;3;0
embalar;2;0;0;2
embalagem;0;0;0;5
emanuelly;5;0;0;0
elevado;3;0;0;2
eleição;2;2;0;0
eduardo;1;0;0;3
dívida;0;0;0;5
duração;5;0;0;0
diversidade;1;2;0;0
dispor;1;0;0;4
desfile;1;3;1;0
desejar;0;1;2;1
desconto;1;0;1;2
descer;3;0;1;0
desastre;1;0;1;2
desaparecimento;5;0;0;0
depressão;5;0;0;0
cumprir;1;2;0;1
cuidar;4;0;0;1
cuba;2;1;0;0
crítico;0;2;2;1
crítica;0;2;1;1
correspondente;0;0;1;2
cor;1;0;1;1
controlar;1;1;1;2
conselheiro;4;0;0;0
conflituoso;0;2;0;1
conexão;1;1;1;2
conceder;1;1;1;1
comunicação;3;0;0;0
comportamento;0;3;1;0
comentar;2;0;3;0
comando;2;1;1;0
coletivo;0;1;2;2
cobertura;0;2;1;0
clima;1;0;2;0
circuito;0;2;2;0
chuva;3;0;0;0
cheiro;3;0;0;2
cartaz;2;0;1;1
cargo;0;1;1;1
cancerígeno;0;0;0;5
campeão;0;2;1;1
caminhão;4;0;1;0
cama;5;0;0;0
caixa;2;0;1;2
broadway;1;0;2;0
brilhar;0;3;0;0
brigada;3;0;0;2
briga;4;0;0;1
borough;5;0;0;0
bicicleta;4;0;1;0
benefício;0;1;0;3
banho;5;0;0;0
baixar;2;0;2;0
avaliar;0;1;0;3
aula;0;1;4;0
assédio;0;5;0;0
aspecto;0;0;0;4
araraquara;4;0;0;0
aprovação;0;0;1;4
apropriado;1;3;1;0
anjo;3;1;0;0
animal;0;0;0;5
andrade;1;3;0;0
amoroso;1;2;1;1
amador;0;0;5;0
alves;3;2;0;0
almoço;3;1;1;0
agressor;4;0;0;0
adicional;0;0;0;5
ódio;0;2;0;1
íntegro;2;2;0;0
ídolo;0;2;1;0
áudio;0;0;1;2
áfrica;0;3;0;0
vladimir;0;0;2;1
viridiana;3;0;0;0
vergonha;2;0;2;0
varejo;0;0;0;4
valorizar;0;2;1;1
trèbes;2;0;1;0
trilogia;0;3;1;0
tratamento;0;0;0;4
transformação;0;2;0;2
transferência;0;0;0;3
tolokonnikova;1;0;2;1
tjlp;0;0;0;4
tentado;1;1;1;1
temperatura;3;0;0;1
sustentável;0;0;0;4
surrealista;3;0;0;0
surgimento;0;1;0;3
sujeito;1;2;0;0
socorrer;4;0;0;0
sociólogo;0;0;0;4
sobrevivente;2;1;0;0
sindicato;1;0;0;2
simples;2;0;0;2
silício;0;0;4;0
silêncio;0;2;1;0
sequela;4;0;0;0
sentimento;4;0;0;0
secretário;1;0;0;3
sartori;0;0;0;4
sangue;4;0;0;0
sambista;0;2;1;0
salvador;4;0;0;0
rodovia;0;2;0;1
reverter;0;2;0;1
retomar;0;1;1;1
resolução;0;0;0;4
república;0;1;2;1
representante;2;1;0;1
repertório;0;2;2;0
renovar;1;2;0;1
relatório;0;0;0;3
relacionamento;2;1;0;0
reivindicar;4;0;0;0
regular;1;0;0;3
regional;2;0;0;1
refeição;2;0;1;0
reconhecimento;0;1;3;0
recompensa;1;1;0;2
recomendação;2;0;0;1
reafirmar;0;0;0;4
quente;1;2;0;1
quebrado;3;0;0;0
punir;0;1;0;3
psicóloga;3;0;0;1
proporcionar;1;1;1;1
proibir;0;2;2;0
procurador;3;0;0;1
processar;0;0;0;3
privacidade;1;2;1;0
preventivo;3;0;0;1
preservar;0;0;0;3
preparo;1;0;3;0
preencher;1;0;1;2
precipício;2;1;1;0
precioso;0;0;1;2
prato;2;0;0;1
porco;0;0;1;2
planeta;0;1;0;2
pista;1;0;2;1
piso;0;0;1;3
perseguição;1;1;1;0
pedreiro;2;0;0;2
passageiro;2;1;0;0
paralisação;4;0;0;0
paraisópolis;3;0;0;1
osso;1;2;0;1
operador;0;0;0;3
ofender;1;1;0;1
ocupante;3;0;0;0
necessitar;0;0;1;3
nacionalismo;0;2;0;1
mário;2;1;0;0
murilo;0;0;3;0
movimentar;1;1;1;0
moriri;4;0;0;0
monte;0;1;2;0
montar;0;0;4;0
modificar;0;0;3;1
missão;0;2;0;1
miles;0;1;2;0
metrópole;0;0;4;0
metropolitano;4;0;0;0
medieval;0;0;1;3
maquiar;0;0;0;3
manutenção;0;1;0;2
mantua;0;0;0;3
manchester;4;0;0;0
mala;0;0;4;0
macaco;4;0;0;0
loucura;2;0;0;1
loubna;3;0;1;0
litoral;4;0;0;0
linguiça;0;0;0;3
limpeza;2;0;1;0
liderar;1;1;0;1
liberdade;0;1;2;0
lanche;4;0;0;0
lanceiro;4;0;0;0
khimki;2;1;1;0
khardung;4;0;0;0
júnior;1;0;0;3
julgamento;3;1;0;0
jazz;1;1;1;0
introduzir;0;1;0;2
interromper;0;1;0;3
inspirar;1;0;0;2
injúria;4;0;0;0
inicial;2;2;0;0
indivíduo;0;0;0;4
impressão;0;2;1;0
impactar;0;3;0;0
imigração;0;0;1;2
imenso;0;0;1;2
ilusão;2;1;0;0
identidade;1;2;0;1
humorista;0;0;4;0
higienizar;0;4;0;0
hemilly;3;0;0;0
habitacional;2;0;0;2
gênese;0;3;0;1
gás;2;0;1;1
guia;3;1;0;0
grillo;0;0;0;4
fórmula;0;0;4;0
fundação;0;1;1;2
fruto;0;2;0;1
frequentar;1;1;2;0
fraco;1;0;0;2
fosso;0;0;0;4
fonte;0;1;0;2
financiamento;0;0;0;4
finalizar;2;0;1;0
fenômeno;0;1;2;1
faltar;1;1;1;1
faculdade;0;1;3;0
extremista;4;0;0;0
exterminador;3;0;0;0
expressar;2;0;1;1
explodir;3;1;0;0
experimentar;1;1;0;1
exato;1;0;3;0
evolução;0;1;1;2
estragado;0;0;1;3
estimular;0;2;0;1
estabilidade;0;1;1;2
esquema;0;0;0;4
esquecido;3;0;0;1
escolaridade;0;2;2;0
esclarecer;1;1;0;2
escavar;0;1;0;3
escala;1;1;0;1
envelhecimento;0;0;0;4
entrega;0;0;2;1
ensinar;0;1;3;0
engolir;1;0;1;1
endereço;3;1;0;0
encher;2;0;2;0
empregar;2;1;0;1
emocional;0;0;4;0
eleito;0;0;2;2
eficiência;0;0;0;4
eficiente;0;0;0;3
economista;0;0;0;4
duro;1;1;0;1
duarte;0;1;1;2
dividir;0;1;2;0
dito;2;0;0;1
disco;0;0;3;0
dimensão;1;1;0;1
dieese;0;0;0;4
despovoamento;0;0;0;4
despesa;0;0;0;4
despejo;2;0;0;2
desconfiança;1;2;0;1
desaparecido;4;0;0;0
desabafar;0;1;2;0
denúncia;4;0;0;0
demorar;2;0;1;0
dança;0;1;2;0
dalí;4;0;0;0
câmara;3;0;0;1
culpado;3;0;0;1
cuidado;1;1;0;2
cruzar;2;1;1;0
criptografia;2;0;0;2
criptografar;4;0;0;0
cracolândia;0;1;0;3
coreia;4;0;0;0
copacabana;0;0;4;0
contribuir;0;0;0;4
conta;0;0;0;4
constituir;0;2;0;1
congresso;0;0;0;4
concorrido;3;0;0;0
conciliação;1;1;0;2
concessão;0;0;0;4
concentrar;0;0;0;4
comércio;0;0;1;3
comprometido;0;0;0;4
completar;3;0;0;0
competente;1;0;0;2
comparar;1;0;1;1
comercial;4;0;0;0
comedy;0;0;4;0
comediante;0;0;3;0
cobrança;0;0;0;4
classificar;1;0;0;2
cinderela;2;1;0;0
chegada;2;1;0;1
chance;0;0;2;2
centena;2;0;1;1
celular;4;0;0;0
caótico;1;0;2;1
carta;1;2;0;0
caos;1;1;1;1
canto;1;1;1;0
burocrata;0;0;0;4
burguês;3;0;0;0
brincar;1;0;2;0
braço;3;1;0;0
bonde;0;3;0;0
bob;0;0;0;4
biológico;1;1;0;2
big;2;0;2;0
barro;3;0;0;0
barato;1;0;0;3
banheiro;4;0;0;0
banda;0;0;2;1
balcão;3;0;0;0
bachri;2;2;0;0
autorizar;1;0;0;2
auge;1;2;1;0
atribuição;0;0;0;3
atrativo;0;1;2;1
atrasado;3;0;0;0
assinar;3;0;0;1
assassinar;4;0;0;0
artigo;1;0;0;2
argumentar;2;0;0;2
arena;1;0;2;0
apoiar;1;1;0;2
aplicar;2;0;1;1
apaixonado;1;1;2;0
antônio;2;0;1;0
anderson;4;0;0;0
ancop;0;3;1;0
ana;0;2;1;0
altura;3;0;0;0
alteração;0;1;1;2
alterar;0;0;0;4
algemar;4;0;0;0
alertar;1;1;0;2
alcance;1;0;0;3
agrupamento;0;1;0;3
agricultura;0;0;0;4
agressivo;0;4;0;0
agosto;1;0;1;1
adolescente;3;1;0;0
admitir;1;0;0;3
acusação;0;0;1;3
acionar;4;0;0;0
abuso;2;1;0;1
abril;2;0;0;1
útil;0;2;1;0
índice;0;1;0;2
árvore;1;0;1;1
washington;2;0;1;0
votar;1;1;1;0
virado;0;3;0;0
villa_lobos;0;3;0;0
veloz;0;0;0;3
veem;2;0;0;1
vara;3;0;0;0
urgente;3;0;0;0
unificar;0;0;0;3
turma;0;1;2;0
trânsito;2;0;0;1
tristeza;2;1;0;0
trio;1;1;1;0
trem;2;1;0;0
transtorno;1;1;0;1
trajeto;3;0;0;0
trabalhista;0;2;0;1
topo;1;1;0;1
tom;0;1;1;1
toa;1;0;1;1
teoria;0;1;1;1
telhado;2;0;0;1
tecnológico;1;0;0;2
surpreendente;0;2;0;1
suposto;2;1;0;0
suportar;1;0;0;2
superação;3;0;0;0
super;3;0;0;0
sucessivo;0;0;0;3
stf;2;0;0;1
startup;0;0;0;3
soul;0;2;1;0
solicitar;1;0;0;2
soja;0;0;0;3
sofisticado;0;1;1;1
sobrinho;2;1;0;0
sinhô;3;0;0;0
single;0;0;3;0
seção;1;1;0;1
selecionar;0;0;3;0
segregação;0;2;0;1
schotte;3;0;0;0
rowan;1;0;0;2
rivasplata;3;0;0;0
rigoroso;0;1;0;2
revelação;0;0;1;2
reuters;3;0;0;0
retomada;0;1;0;2
resistência;1;1;0;1
reservar;2;0;1;0
requisito;0;0;0;3
remédio;0;0;0;3
relacionado;2;0;0;1
reiterar;3;0;0;0
refugiado;0;1;1;1
recomeçar;1;0;2;0
rainha;0;2;1;0
queens;1;0;2;0
quarta_feira;3;0;0;0
pyongyang;3;0;0;0
puro;0;2;0;1
psicólogo;3;0;0;0
psicologia;1;1;0;1
proximidade;2;1;0;0
provisório;2;0;1;0
proposto;0;1;0;2
propagar;0;1;0;2
programar;1;0;0;2
processado;0;0;0;3
primário;0;3;0;0
primeiro_ministro;2;0;0;1
presídio;1;2;0;0
preste;0;1;1;1
pressupor;0;1;0;2
preservação;0;2;0;1
preparado;0;0;3;0
português;0;0;3;0
ponta;2;0;1;0
polônia;0;1;0;2
platão;0;3;0;0
piorar;1;0;0;2
pinker;0;2;0;1
pib;0;0;0;3
phelipe;3;0;0;0
perseguir;2;0;0;1
percepção;0;1;0;2
peer_to_peer;0;0;0;3
paula;2;1;0;0
parlamento;3;0;0;0
paralelo;0;1;2;0
paradoxo;1;1;0;1
paciente;3;0;0;0
ovo;0;2;0;1
oração;3;0;0;0
oposição;0;1;0;2
operacional;1;0;0;2
ocasião;1;0;0;2
nóbrega;0;0;0;3
né;0;2;0;1
nyc;0;0;2;1
notar;2;1;0;0
neutralizar;0;1;1;1
negretti;3;0;0;0
nação;0;1;0;2
my;1;0;2;0
multiplicar;0;0;2;1
molenbeek;2;1;0;0
mlb;3;0;0;0
ministro;3;0;0;0
minerador;0;1;0;2
mikhail;2;0;1;0
mexer;0;1;1;1
mentira;2;1;0;0
may;3;0;0;0
matéria_prima;0;0;0;3
mato;0;0;0;3
mascarar;0;0;0;3
marmitex;0;0;0;3
manipulador;0;3;0;0
maduro;0;2;1;0
macron;3;0;0;0
lua;2;0;1;0
lindo;0;1;2;0
limpar;0;2;0;1
leve;0;1;1;1
levantar;2;0;1;0
lesão;2;1;0;0
legume;0;1;1;1
legitimidade;0;0;0;3
lazzarini;0;0;0;3
kar;3;0;0;0
justificar;2;0;0;1
josias;3;0;0;0
izaguirre;2;0;0;1
irregularidade;0;0;0;3
invenção;0;1;1;1
interessado;0;0;1;2
inteligente;0;0;0;3
instância;0;1;1;1
instalação;0;2;0;1
inspeção;0;0;0;3
inovar;0;3;0;0
indireto;1;0;0;2
incomodar;0;2;0;1
incentivar;2;0;1;0
impróprio;0;0;0;3
importância;0;2;0;1
imediato;0;0;1;2
idioma;0;1;2;0
hospedar;2;1;0;0
hella;1;1;1;0
hearn;0;0;0;3
habitar;2;0;0;1
grosso;0;0;0;3
gravação;1;0;1;1
giordano;3;0;0;0
genético;0;2;1;0
genética;1;2;0;0
gaúcho;2;1;0;0
gastar;1;0;1;1
galien;3;0;0;0
fronteira;3;0;0;0
frigorífico;0;0;1;2
frequente;0;1;0;2
fornecer;0;0;0;3
ford;0;2;0;1
fome;2;0;1;0
folha;0;1;1;1
fiscalização;0;0;0;3
filosofia;0;3;0;0
ferramenta;0;0;2;1
feriado;3;0;0;0
extra;2;0;1;0
extensão;0;0;1;2
executar;1;0;0;2
ex_funcionário;3;0;0;0
evoluir;0;1;1;1
estônia;0;0;3;0
estável;0;0;2;1
estranho;2;1;0;0
estigmatização;1;1;1;0
estatal;0;0;0;3
essência;0;1;0;2
esperado;3;0;0;0
esfera;2;0;0;1
escritura;2;0;0;1
erguer;3;0;0;0
equilibrar;0;0;0;3
enxergar;0;0;0;3
ensaiar;0;3;0;0
enredo;0;3;0;0
encerrar;3;0;0;0
emprestar;0;0;0;3
empregado;3;0;0;0
emocionado;1;0;2;0
emmanuel;3;0;0;0
eleitoral;1;0;0;2
educar;3;0;0;0
déli;3;0;0;0
duvidar;2;0;0;1
dominar;0;1;0;2
doação;3;0;0;0
distante;0;0;3;0
dirigir;0;2;0;1
dificultar;0;0;0;3
detonar;1;1;1;0
determinação;3;0;0;0
desviar;1;0;0;2
desvendar;1;2;0;0
destruir;1;0;2;0
descrever;1;1;0;1
descentralizado;0;0;0;3
desaparecer;1;1;0;1
delito;2;0;0;1
delegar;2;1;0;0
deflagrar;0;0;0;3
deficit;0;0;0;3
decreto;1;0;0;2
cômodo;1;0;1;1
cão;3;0;0;0
cruz;3;0;0;0
cruel;1;1;1;0
criatura;0;1;0;2
costela;2;1;0;0
corte;3;0;0;0
corrupção;0;0;2;1
corredor;2;0;1;0
corporativo;0;1;2;0
coordenador;3;0;0;0
cooptar;0;3;0;0
cooperativa;0;1;0;2
contribuição;0;0;0;3
consulta;2;0;0;1
conservador;0;0;1;2
consenso;0;0;0;3
confusão;1;1;1;0
confundido;0;2;0;1
confiável;0;0;0;3
condenação;2;0;1;0
conceber;1;0;0;2
computador;0;0;0;3
complexidade;0;3;0;0
competência;0;3;0;0
company;0;0;2;1
coma;3;0;0;0
colaborar;2;0;0;1
climático;0;2;1;0
cincinnati;3;0;0;0
cidadão;0;1;0;2
cidadania;0;1;0;2
catástrofe;1;2;0;0
castelo;1;1;0;1
carcassone;2;0;1;0
canadense;2;0;0;1
calçada;3;0;0;0
cachorro;3;0;0;0
cabelo;1;1;1;0
bélgica;2;0;1;0
buterin;0;0;0;3
burguesia;0;2;1;0
brutalidade;3;0;0;0
brilhante;0;1;0;2
bombeiro;3;0;0;0
boca;2;1;0;0
bk;3;0;0;0
biografia;0;3;0;0
barking;3;0;0;0
bala;3;0;0;0
bahia;1;0;1;1
bagunça;1;0;0;2
bagagem;2;0;1;0
avião;2;0;1;0
avançar;2;0;0;1
auxílio;0;0;0;3
autenticidade;0;3;0;0
atualizar;0;1;0;2
atraente;0;1;0;2
atirador;3;0;0;0
assolar;1;1;0;1
asfalto;1;1;0;1
arrecadação;0;0;0;3
armstrong;3;0;0;0
armado;1;0;0;2
apresentado;2;0;0;1
apreensão;0;0;0;3
apreender;2;0;0;1
apreciar;0;1;2;0
apostar;0;0;0;3
aposentar;0;0;0;3
apelo;0;0;1;2
aparência;2;1;0;0
aparente;0;0;2;1
apanhar;2;1;0;0
anual;0;0;0;3
anteceder;0;1;0;2
ansiedade;2;0;1;0
animado;0;0;2;1
ambicioso;0;0;0;3
alimentação;0;0;0;3
aldeia;0;0;0;3
aicha;3;0;0;0
agrícola;0;0;0;3
afetar;0;1;0;2
adoção;0;0;0;3
administrar;0;1;0;2
aderir;1;0;0;2
adequado;0;1;0;2
acreano;3;0;0;0
acertar;0;0;1;2
abrigar;1;0;0;2