dizer;433;ver
lula;283;nom
presidente;229;nom
michel_temer;203;nr
país;196;nom
eua;176;nr
ministro;162;nom
nuclear;138;adj
norte;136;nom
brasil;128;nom
governo;127;nom
trump;121;nr
coreia;118;nr
sérgio_moro;113;nr
ano;113;nom
rcifrão;112;nr
míssil;110;nom
dilma;109;nr
kim;107;nom
público;106;adj
federal;104;adj
senador;103;nom
acordo;102;nom
deputado;100;nom
receber;98;ver
político;97;adj
milhão;96;nom
ex_presidente;96;nr
ataque;96;nom
querer;93;ver
juiz;93;nom
delação;93;nom
coréia;92;nom
lava_jato;91;nr
pedir;90;ver
mesmo;90;adj
dia;88;nom
pf;86;nr
dar;86;ver
petista;85;adj
stf;84;nr
último;82;adj
brasileiro;81;adj
joesley;80;nr
defesa;80;nom
aécio;80;nom
militar;79;adj
caso;78;nom
falar;77;ver
pt;76;nr
dinheiro;76;nom
vez;75;nom
saber;74;ver
propina;71;nom
china;69;nom
vídeo;68;nom
só;68;adj
mundo;68;nom
justiça;68;nom
declarar;68;ver
guerra;67;nom
dever;65;ver
afirmar;65;ver
ficar;64;ver
novo;63;adj
operação;62;nom
empresa;62;nom
informação;61;nom
informar;61;ver
corrupção;61;nom
americano;61;adj
grupo;60;nom
chegar;60;ver
jbs;59;nr
cunha;59;nom
arma;59;nom
crime;56;nom
prisão;55;nom
odebrecht;55;nom
advogado;55;nom
ministério;54;nom
sul;53;nom
polícia;53;nom
passar;53;ver
maior;53;adj
usar;52;ver
publicar;52;ver
força;52;nom
chamar;52;ver
ação;52;nom
contar;51;ver
próximo;50;adj
preso;50;adj
política;50;nom
continuar;50;ver
semana;49;nom
rússia;49;nom
rede;49;nom
jornalista;49;nom
divulgar;49;ver
coisa;49;nom
acusar;49;ver
parlamentar;48;adj
depoimento;48;nom
rodrigo;47;nom
neve;47;nom
grande;47;adj
câmara;47;nom
acontecer;47;ver
eduardo;46;nom
unido;45;adj
república;45;nom
pagar;45;ver
globo;45;nom
condenar;45;ver
social;44;adj
porcento;44;nr
homem;44;nom
casa;44;nom
situação;43;nom
pmdb;43;nr
nome;43;nom
filho;43;nom
cidadão;43;nom
bem;43;nom
alegar;43;ver
mendes;42;nom
fato;42;nom
empresário;42;nom
acabar;42;ver
vir;41;ver
sírio;41;adj
senado;41;nom
referir;41;ver
relação;40;nom
precisar;40;ver
oficial;40;adj
mês;40;nom
atacar;40;ver
pedido;39;nom
mostrar;39;ver
fachin;39;nr
entrar;39;ver
corrupto;39;adj
confirmar;39;ver
batista;39;adj
mundial;38;adj
momento;38;nom
enviar;38;ver
cargo;38;nom
segurança;37;nom
jornal;37;nom
donald;37;nom
diverso;37;adj
ameaça;37;nom
tomar;36;ver
relator;36;nom
próprio;36;adj
processo;36;nom
pgr;36;nr
paulo;36;nom
jon_un;36;nr
criminoso;36;adj
colocar;36;ver
mpf;35;nr
josé;35;nom
janot;35;nr
defender;35;ver
decidir;35;ver
realizar;34;ver
questão;34;nom
projeto;34;nom
investigação;34;nom
foro;34;nom
fonte;34;nom
deixar;34;ver
crise;34;nom
cercar;34;ver
perder;33;ver
nacional;33;adj
ler;33;ver
decisão;33;nom
época;32;nom
voltar;32;ver
valor;32;nom
real;32;adj
ocorrer;32;ver
mandar;32;ver
gilmar;32;nom
dono;32;nom
discurso;32;nom
sistema;31;nom
local;31;nom
levar;31;ver
joão;31;nom
japão;31;nom
destruir;31;ver
carne;31;nom
brasília;31;nom
bom;31;adj
atingir;31;ver
tse;30;nr
relatar;30;ver
petrobras;30;nom
partido;30;nom
meio;30;nom
lei;30;nom
jong_un;30;nr
exército;30;nom
achar;30;ver
vida;29;nom
revelar;29;ver
prometer;29;ver
manter;29;ver
líder;29;nom
imprensa;29;nom
ditador;29;nom
direito;29;nom
destacar;29;ver
conseguir;29;ver
comprar;29;ver
citar;29;ver
sofrer;28;ver
friboi;28;nr
curitiba;28;nom
claro;28;adj
vinson;27;nr
maia;27;nom
lançar;27;ver
entrevista;27;nom
entregar;27;ver
encontrar;27;ver
delator;27;adj
carl;27;nom
agir;27;ver
usado;26;adj
rousseff;26;nr
responder;26;ver
possuir;26;ver
navio;26;nom
lançamento;26;nom
incluir;26;ver
imagem;26;nom
demonstrar;26;ver
capital;26;nom
bomba;26;nom
ameaçar;26;ver
teste;25;nom
químico;25;adj
prova;25;nom
esperar;25;ver
edson;25;nom
documento;25;nom
começar;25;ver
balístico;25;adj
uss;24;nr
soltar;24;ver
resolver;24;ver
privilegiado;24;adj
principal;24;adj
premiar;24;ver
porta_aviões;24;nr
península;24;nom
favor;24;nom
esquema;24;nom
costa;24;nom
conferir;24;ver
campanha;24;nom
abrir;24;ver
valer;23;ver
turma;23;nom
sr;23;nr
seguir;23;ver
ricardo;23;nom
procurador;23;nom
possível;23;adj
nota;23;nom
noite;23;nom
matéria;23;nom
investigar;23;ver
funcionário;23;nom
estatal;23;adj
entender;23;ver
denúncia;23;nom
declaração;23;nom
cadeia;23;nom
atual;23;adj
aparecer;23;ver
trabalhar;22;ver
site;22;nr
revista;22;nom
renan;22;nom
problema;22;nom
prever;22;ver
notícia;22;nom
mídia;22;nom
mão;22;nom
irmão;22;nom
família;22;nom
exterior;22;adj
empreiteiro;22;nom
conhecido;22;adj
conflito;22;nom
cair;22;ver
bolsonaro;22;nr
base;22;nom
banco;22;nom
acreditar;22;ver
único;21;adj
sp;21;nr
salário;21;nom
russo;21;adj
ressaltar;21;ver
população;21;nom
norte_americano;21;nr
lourar;21;ver
lado;21;nom
executivo;21;nom
ex_ministro;21;nr
ex_deputado;21;nr
chefe;21;nom
aéreo;21;adj
assunto;21;nom
apresentar;21;ver
acusação;21;nom
servir;20;ver
produto;20;nom
partir;20;ver
palocci;20;nr
palavra;20;nom
pai;20;nom
objectivo;20;nom
norte_coreano;20;nr
melhor;20;adj
impeachment;20;nom
ganhar;20;ver
existir;20;ver
exercício;20;nom
conta;20;nom
chinês;20;adj
capacidade;20;nom
autoridade;20;nom
apoio;20;nom
anunciar;20;ver
aliado;20;nom
votar;19;ver
tribunal;19;nom
supremo;19;adj
sair;19;ver
regime;19;nom
pyongyang;19;nr
pronto;19;adj
prefeito;19;nom
pensar;19;ver
ordem;19;nom
negar;19;ver
medida;19;nom
marcelo;19;nom
mandato;19;nom
grave;19;adj
fogo;19;nom
fazenda;19;nom
estratégia;19;nom
encontro;19;nom
eleitoral;19;adj
dório;19;adj
criar;19;ver
coreano;19;adj
conversa;19;nom
congresso;19;nom
combate;19;nom
citado;19;adj
cidade;19;nom
alto;19;adj
alerta;19;adj
abril;19;nom
tirar;18;ver
território;18;nom
sugerir;18;ver
rocha;18;nom
roberto;18;nom
provável;18;adj
plano;18;nom
pena;18;nom
parecer;18;ver
manhã;18;nom
longo;18;adj
honesto;18;adj
história;18;nom
gente;18;nom
folha;18;nom
envolver;18;ver
econômico;18;adj
correr;18;ver
cometer;18;ver
comentar;18;ver
cara;18;nom
autorizar;18;ver
apontar;18;ver
apoiar;18;ver
alertar;18;ver
ajudar;18;ver
ajuda;18;nom
agência;18;nom
votação;17;nom
sentença;17;nom
responsável;17;adj
representar;17;ver
questionar;17;ver
programa;17;nom
poderoso;17;adj
participar;17;ver
pagamento;17;nom
mensagem;17;nom
mala;17;nom
julgar;17;ver
henrique;17;nom
general;17;nom
fossar;17;ver
especialista;17;nom
eleição;17;nom
diário;17;adj
avião;17;nom
assistir;17;ver
amigo;17;nom
viver;16;ver
vender;16;ver
tv;16;nr
tratar;16;ver
tornar;16;ver
proposta;16;nom
pegar;16;ver
número;16;nom
news;16;nr
necessário;16;adj
mudar;16;ver
minuto;16;nom
maneira;16;nom
listar;16;ver
kcna;16;nr
instituto;16;nom
ilícito;16;adj
funaro;16;nom
final;16;nom
encerrar;16;ver
diálogo;16;nom
disparar;16;ver
denunciar;16;ver
considerar;16;ver
conhecer;16;ver
comandar;16;ver
atenção;16;nom
água;15;nom
vivo;15;adj
significar;15;ver
seguinte;15;adj
reunião;15;nom
reino;15;nom
putin;15;nr
professor;15;nom
presente;15;nom
pec;15;nr
ordenar;15;ver
mantega;15;nr
lugar;15;nom
km;15;nr
início;15;nom
investigado;15;adj
invadir;15;ver
gravação;15;nom
futuro;15;adj
financeiro;15;adj
embaixador;15;nom
direto;15;adj
contrato;15;nom
comando;15;nom
classe;15;nom
chamado;15;adj
causa;15;nom
capaz;15;adj
cabeça;15;nom
alvo;15;adj
agricultura;15;nom
admitir;15;ver
acompanhar;15;ver
tropa;14;nom
triplex;14;nr
suposto;14;adj
superior;14;adj
serra;14;nom
recurso;14;nom
parar;14;ver
organização;14;nom
oas;14;nr
negociar;14;ver
médico;14;nom
mouro;14;adj
morrer;14;ver
mercado;14;nom
medo;14;nom
mar;14;nom
julgamento;14;nom
jinping;14;nr
instância;14;nom
indicar;14;ver
gostar;14;ver
global;14;adj
fronteira;14;nom
foto;14;nom
flagrar;14;ver
fiscal;14;nom
evitar;14;ver
equipa;14;nom
economia;14;nom
detalhe;14;nom
cúpula;14;nom
civil;14;adj
caminho;14;nom
avisar;14;ver
aprovar;14;ver
antagonista;14;nom
américa;14;nom
áudio;13;nom
voto;13;nom
sociedade;13;nom
seul;13;nom
santana;13;nom
réu;13;nom
rápido;13;adj
roubar;13;ver
risco;13;nom
resumir;13;ver
resposta;13;nom
respeito;13;nom
reforma;13;nom
recado;13;nom
proteger;13;ver
preparar;13;ver
policial;13;adj
plenário;13;nom
nação;13;nom
napoleão;13;nom
moral;13;adj
lutar;13;ver
jogar;13;ver
intenção;13;nom
instituição;13;nom
imposto;13;nom
importante;13;adj
geral;13;adj
fotógrafo;13;nom
forma;13;nom
falso;13;adj
especial;13;adj
dólar;13;nom
doação;13;nom
distância;13;nom
deus;13;nom
democracia;13;nom
dado;13;nom
cármen;13;nr
conter;13;ver
conjunto;13;nom
comunista;13;adj
certo;13;adj
candidato;13;nom
caixa;13;nom
boca;13;nom
bastar;13;ver
aumentar;13;ver
ato;13;nom
apartamento;13;nom
venezuela;12;nom
the;12;nr
thaad;12;nr
teori;12;nr
temer;12;ver
super;12;adj
silva;12;nom
serviço;12;nom
rua;12;nom
provocar;12;ver
preventivo;12;adj
presidência;12;nom
presidencial;12;adj
pobre;12;adj
perigoso;12;adj
patrimônio;12;nom
passivo;12;adj
passado;12;adj
paraná;12;nom
nunes;12;nom
motivo;12;nom
min;12;nr
matar;12;ver
marinho;12;adj
lavagem;12;nom
junto;12;adj
jovem;12;adj
ideia;12;nom
golpe;12;nom
frota;12;nom
fechado;12;adj
explodir;12;ver
explicar;12;ver
escrever;12;ver
dirceu;12;nom
desviar;12;ver
crítica;12;nom
corte;12;nom
constituição;12;nom
cofre;12;nom
cláudio;12;nom
causar;12;ver
carvalho;12;nom
cabral;12;nom
bombardeiro;12;nom
bombardear;12;ver
benjamin;12;nom
açougueiro;12;nom
atitude;12;nom
armado;12;adj
analisar;12;ver
aguardar;12;ver
agente;12;nom
vítima;11;nom
tensão;11;nom
sítio;11;nom
substituir;11;ver
stj;11;nr
soldado;11;nom
setor;11;nom
senhor;11;nom
rio;11;nom
renunciar;11;ver
relatório;11;nom
prestar;11;ver
preocupado;11;adj
prejudicar;11;ver
praticar;11;ver
pp;11;nr
poupar;11;ver
possibilidade;11;nom
portal;11;nom
popular;11;adj
planejar;11;ver
pesquisa;11;nom
palácio;11;nom
pacífico;11;adj
opinião;11;nom
mônica;11;nom
médio;11;adj
movimento;11;nom
manifestar;11;ver
magistrado;11;nom
lúcia;11;nom
luta;11;nom
limite;11;nom
judiciário;11;adj
janeiro;11;nom
internautas;11;nr
internacional;11;adj
influência;11;nom
fundo;11;nom
frente;11;nom
forte;11;adj
figura;11;nom
exemplo;11;nom
esposo;11;nom
emprego;11;nom
emitir;11;ver
dívida;11;nom
doleiro;11;nom
diretor;11;nom
desembarcar;11;ver
descartar;11;ver
delatar;11;ver
criança;11;nom
chapa;11;nom
centena;11;nom
caro;11;adj
calheiros;11;nr
branco;11;adj
bandido;11;nom
alemanha;11;nom
zona;10;nom
washington;10;nom
via;10;nom
verdadeiro;10;adj
trocar;10;ver
torno;10;nom
testar;10;ver
submarino;10;nom
simples;10;adj
setembro;10;nom
santo;10;adj
rádio;10;nom
reportagem;10;nom
recente;10;adj
psdb;10;nr
procurar;10;ver
previdência;10;nom
porto;10;nom
pinheiro;10;nom
patrício;10;nom
particular;10;adj
papel;10;nom
olhar;10;ver
ocupar;10;ver
neto;10;nom
mínimo;10;adj
manifestação;10;nom
manifestante;10;nom
madrugada;10;nom
linha;10;nom
lembrar;10;ver
inteligência;10;nom
inimigo;10;adj
ilegal;10;adj
idade;10;nom
icbm;10;nr
herman;10;nr
gerar;10;ver
francisco;10;nom
força_tarefa;10;nr
famoso;10;adj
evento;10;nom
escolher;10;ver
escapar;10;ver
derrubar;10;ver
data;10;nom
contrário;10;adj
controlar;10;ver
construir;10;ver
conselho;10;nom
conduzir;10;ver
concluir;10;ver
comentário;10;nom
colega;10;nom
ciro;10;nom
assad;10;nr
aragão;10;nom
agressão;10;nom
absolver;10;ver
órgão;9;nom
âmbito;9;nom
york;9;nom
vírus;9;nom
voo;9;nom
volta;9;nom
vaccari;9;nr
uso;9;nom
ultrapassar;9;ver
twitter;9;nr
total;9;adj
tomahawk;9;nr
time;9;nom
terra;9;nom
tanque;9;nom
sério;9;adj
sérgio;9;nom
secretário;9;nom
saud;9;nr
salvar;9;ver
reunir;9;ver
retornar;9;ver
repórter;9;nom
repassar;9;ver
registrar;9;ver
record;9;nom
randolfe;9;nr
provocação;9;nom
provar;9;ver
pretender;9;ver
preste;9;adj
prender;9;ver
prazo;9;nom
postar;9;ver
planalto;9;nom
pessoal;9;adj
perguntar;9;ver
perceber;9;ver
penal;9;adj
palestra;9;nom
obstrução;9;nom
obra;9;nom
noblat;9;nr
mudança;9;nom
morte;9;nom
milhar;9;nom
mentira;9;nom
marco;9;nom
lúcio;9;nom
léo;9;nr
lixo;9;nom
liberdade;9;nom
legislativo;9;adj
legal;9;adj
kg;9;nr
japonês;9;adj
irã;9;nom
interesse;9;nom
inteiro;9;adj
instalação;9;nom
humberto;9;nom
hospital;9;nom
guido;9;nom
guardar;9;ver
governador;9;nom
golpista;9;nom
gado;9;nom
frigorífico;9;nom
fornecer;9;ver
foguete;9;nom
extremo;9;adj
estudar;9;ver
estragado;9;adj
espécie;9;nom
esconder;9;ver
envolvido;9;adj
empréstimo;9;nom
emissor;9;nom
emenda;9;nom
desfile;9;nom
daniel;9;nom
dallagnol;9;nr
cumprir;9;ver
convocar;9;ver
confiar;9;ver
confiança;9;nom
confessar;9;ver
condenação;9;nom
comissão;9;nom
cassação;9;nom
calar;9;ver
beneficiar;9;ver
bancada;9;nom
atuar;9;ver
assumir;9;ver
associação;9;nom
assinar;9;ver
assessoria;9;nom
apresentador;9;nom
aposentado;9;nom
andrea;9;nr
alma;9;nom
alimento;9;nom
alexandre;9;nom
alcance;9;nom
afastado;9;adj
acrescentar;9;ver
absoluto;9;adj
óbvio;8;adj
área;8;nom
zé;8;nom
zavascki;8;nom
virar;8;ver
uscifrão;8;nr
união;8;nom
troca;8;nom
trecho;8;nom
texto;8;nom
terça_feira;8;nr
tentativa;8;nom
século;8;nom
suspensão;8;nom
surgir;8;ver
suficiente;8;adj
sucesso;8;nom
sinal;8;nom
sigilo;8;nom
sangue;8;nom
rico;8;adj
resultado;8;nom
relato;8;nom
região;8;nom
reagir;8;ver
publicação;8;nom
prédio;8;nom
prático;8;adj
protocolar;8;ver
presa;8;nom
posse;8;nom
posição;8;nom
ponto;8;nom
período;8;nom
pergunta;8;nom
opção;8;nom
onu;8;nr
ogiva;8;nom
norte_coreana;8;nr
norte_americana;8;nr
nobre;8;adj
negócio;8;nom
mãe;8;nom
máximo;8;adj
morto;8;adj
michel;8;nom
merecer;8;ver
macedo;8;nom
luiz;8;nom
louco;8;adj
lobo;8;nom
livro;8;nom
ligar;8;ver
liderar;8;ver
jurídico;8;adj
juntar;8;ver
imprudente;8;adj
impedir;8;ver
imaginar;8;ver
ignorar;8;ver
identificar;8;ver
hostilizar;8;ver
grampo;8;nom
gonçalves;8;nom
gestão;8;nom
geddel;8;nr
g20;8;nr
frase;8;nom
filmar;8;ver
fhc;8;nr
fechar;8;ver
faltar;8;ver
expor;8;ver
exigir;8;ver
estimar;8;ver
estadão;8;nr
específico;8;adj
escândalo;8;nom
errar;8;ver
enfrentar;8;ver
eleger;8;ver
dúvida;8;nom
dito;8;adj
dignidade;8;nom
diferente;8;adj
dezena;8;nom
detonar;8;ver
determinar;8;ver
daily;8;nr
conversar;8;ver
constar;8;ver
compor;8;ver
completar;8;ver
comida;8;nom
cogitar;8;ver
chorar;8;ver
central;8;adj
carta;8;nom
canal;8;nom
bashar;8;nr
baixo;8;adj
avaliar;8;ver
atender;8;ver
armar;8;ver
aeroporto;8;nom
administração;8;nom
índio;7;nom
vista;7;nom
violar;7;ver
viajar;7;ver
vergonha;7;nom
vazar;7;ver
vara;7;nom
vantagem;7;nom
uruguai;7;nom
unidade;7;nom
turquia;7;nom
tucano;7;nom
transformar;7;ver
transferir;7;ver
termo;7;nom
tamanho;7;adj
suíço;7;adj
suspender;7;ver
sozinho;7;adj
servidor;7;nom
sede;7;nom
ruim;7;adj
restringir;7;ver
repetir;7;ver
reforçar;7;ver
redução;7;nom
recorrer;7;ver
reação;7;nom
qualidade;7;nom
punir;7;ver
pronunciamento;7;nom
proibir;7;ver
preocupação;7;nom
posto;7;nom
pm;7;nr
permitir;7;ver
pequeno;7;adj
peemedebista;7;adj
paz;7;nom
paranaense;7;adj
ouvir;7;ver
oposição;7;nom
oliveira;7;nom
oferecer;7;ver
negativo;7;adj
mulher;7;nom
mover;7;ver
modelo;7;nom
mg;7;nr
membro;7;nom
material;7;nom
marcar;7;ver
maio;7;nom
lindbergh;7;nr
ligação;7;nom
ladrão;7;nom
jon;7;nr
jbs_friboi;7;nr
jair;7;nom
ivanka;7;nr
istoé;7;nom
islâmico;7;adj
isis;7;nom
irritar;7;ver
internet;7;nom
inquérito;7;nom
iniciar;7;ver
indústria;7;nom
impressionante;7;adj
impossível;7;adj
homicídio;7;nom
guarujá;7;nom
garantir;7;ver
função;7;nom
frio;7;adj
fase;7;nom
executar;7;ver
exato;7;adj
europa;7;nom
eugênio;7;nom
estocar;7;ver
errado;7;adj
envelope;7;nom
elogiar;7;ver
elite;7;nom
eliminar;7;ver
educação;7;nom
domingo;7;nom
direção;7;nom
difícil;7;adj
detalhar;7;ver
desenvolvimento;7;nom
desemprego;7;nom
desabafar;7;ver
dente;7;nom
dano;7;nom
curioso;7;adj
cuidado;7;nom
criticar;7;ver
criminal;7;adj
coordenador;7;nom
contato;7;nom
conspiração;7;nom
conceder;7;ver
comprovar;7;ver
cifrão;7;nom
chico;7;nom
celular;7;adj
caça;7;nom
carlos;7;nom
bndes;7;nr
beneficiário;7;nom
aviso;7;nom
audiência;7;nom
ator;7;nom
ativo;7;adj
aspa;7;nom
armada;7;nom
aprender;7;ver
al_assad;7;nr
advertir;7;ver
adquirir;7;ver
aceitar;7;ver
abrigo;7;nom
ética;6;nom
visitar;6;ver
vidente;6;nom
vento;6;nom
vencer;6;ver
velho;6;adj
vagabundo;6;nom
utilizar;6;ver
urgente;6;adj
tráfico;6;nom
traçar;6;ver
transportar;6;ver
tom;6;nom
terrível;6;adj
terrorista;6;adj
televisão;6;nom
teixeira;6;nom
sustentar;6;ver
stuckert;6;nr
sonho;6;nom
sobrevoar;6;ver
sites;6;nr
sistêmico;6;adj
sentir;6;ver
sentido;6;nom
secreto;6;adj
rumo;6;nom
ronan;6;nr
retomar;6;ver
retirar;6;ver
restar;6;ver
respeitar;6;ver
residência;6;nom
repasse;6;nom
remédio;6;nom
rei;6;nom
regra;6;nom
razão;6;nom
ramo;6;nom
queijo;6;nom
quebrar;6;ver
quarta_feira;6;nr
quadro;6;nom
punição;6;nom
proteção;6;nom
protestar;6;ver
prontidão;6;nom
profissional;6;adj
procuradoria;6;nom
privado;6;adj
primo;6;nom
primeiro_ministro;6;nr
prejuízo;6;nom
preciso;6;adj
posicionar;6;ver
portugal;6;nom
planilha;6;nom
planeta;6;nom
pha;6;nr
pesado;6;adj
perrella;6;nr
permanecer;6;ver
pedra;6;nom
parlamento;6;nom
papa;6;nom
ousar;6;ver
nível;6;nom
noruega;6;nom
norte_coreanas;6;nr
normal;6;adj
nervoso;6;adj
necessidade;6;nom
naval;6;adj
mp;6;nr
movimentar;6;ver
moscou;6;nom
mortal;6;adj
moeda;6;nom
modo;6;nom
miúdo;6;adj
mensal;6;adj
menor;6;adj
marqueteiro;6;nom
marca;6;nom
manipular;6;ver
luís;6;nom
lima;6;nom
liberar;6;ver
levantar;6;ver
justificar;6;ver
jogo;6;nom
intervenção;6;nom
interno;6;adj
integrante;6;nom
indicação;6;nom
independente;6;adj
incomodar;6;ver
importância;6;nom
hélio;6;nom
hwasong_12;6;nr
habitante;6;nom
habeas;6;nr
gópi;6;nr
grosso;6;adj
gravar;6;ver
gastar;6;ver
fundamental;6;adj
funcionar;6;ver
fuga;6;nom
friedman;6;nr
fox;6;nr
fortuna;6;nom
finalizar;6;ver
fernando;6;nom
exibir;6;ver
etc;6;nr
estrangeiro;6;adj
esquecer;6;ver
esperança;6;nom
escalão;6;nom
equipamento;6;nom
embaixada;6;nom
email;6;nr
dr;6;nr
doar;6;ver
divulgação;6;nom
dividir;6;ver
disputa;6;nom
dirigir;6;ver
df;6;nr
dezembro;6;nom
devido;6;adj
desrespeitar;6;ver
deslocar;6;ver
desenvolver;6;ver
desafiar;6;ver
departamento;6;nom
deltan;6;nr
delegado;6;nom
decretar;6;ver
câmera;6;nom
cultura;6;nom
cuba;6;nom
correto;6;adj
corpus;6;nom
convencer;6;ver
contratar;6;ver
consequência;6;nom
condição;6;nom
comunicação;6;nom
comunicar;6;ver
comum;6;adj
comportamento;6;nom
completo;6;adj
companheiro;6;nom
combater;6;ver
comandante;6;nom
coletivo;6;adj
classificar;6;ver
circunstância;6;nom
chance;6;nom
ccj;6;nr
caráter;6;nom
carregar;6;ver
caminhão;6;nom
britânico;6;adj
brf;6;nr
braço;6;nom
blá;6;nr
bilionário;6;nom
atividade;6;nom
artigo;6;nom
armamento;6;nom
argumento;6;nom
argumentar;6;ver
ar;6;nom
antônio;6;nom
analista;6;nom
amanda;6;nom
alves;6;nom
alterar;6;ver
alckmin;6;nom
afetar;6;ver
aeronave;6;nom
advertência;6;nom
acesso;6;nom
abin;6;nr
ônibus;5;nom
zelador;5;nom
zanin;5;nom
vândalo;5;nom
voar;5;ver
vizinho;5;adj
visar;5;ver
vice_presidente;5;nr
vermelho;5;adj
venezuelano;5;nom
unir;5;ver
título;5;nom
trf_4;5;nr
trazer;5;ver
trabalhador;5;adj
tender;5;ver
telefone;5;nom
suspeita;5;nom
sujo;5;adj
sujeito;5;nom
subterrâneo;5;adj
somar;5;ver
solução;5;nom
socialista;5;adj
shinzo;5;nr
sexta_feira;5;nr
seguida;5;nom
segredo;5;nom
saúde;5;nom
safado;5;adj
rural;5;adj
rj;5;nr
retaliação;5;nom
residir;5;ver
renúncia;5;nom
renato;5;nom
relacionamento;5;nom
registro;5;nom
refinaria;5;nom
reduzir;5;ver
recuperar;5;ver
rapaz;5;nom
protesto;5;nom
pronunciar;5;ver
promover;5;ver
promotor;5;nom
projetar;5;ver
pressão;5;nom
pressionar;5;ver
presença;5;nom
prescrever;5;ver
pregent;5;nr
preferir;5;ver
prefeitura;5;nom
poço;5;nom
potência;5;nom
porta;5;nom
podre;5;adj
plástico;5;adj
pior;5;adj
pimentel;5;nom
perito;5;nom
pence;5;nr
pedro;5;nom
pedaço;5;nom
passo;5;nom
pago;5;adj
orientar;5;ver
organizar;5;ver
obter;5;ver
obstruir;5;ver
new;5;nr
negociação;5;nom
méxico;5;nom
município;5;nom
morador;5;nom
montar;5;ver
militante;5;nom
milha;5;nom
mero;5;adj
merkel;5;nr
meirelles;5;nom
massa;5;nom
março;5;nom
marisa;5;nom
marilena;5;nom
maria;5;nom
mando;5;nom
mail;5;nr
machado;5;nom
londres;5;nom
localizar;5;ver
livre;5;adj
livrar;5;ver
link;5;nom
ligado;5;adj
liderança;5;nom
lidar;5;ver
liberado;5;adj
leitão;5;nom
legítimo;5;adj
judicial;5;adj
jantar;5;nom
ironizar;5;ver
iraque;5;nom
inácio;5;nom
investigador;5;nom
interrogatório;5;nom
interessante;5;adj
intercontinental;5;adj
inteligente;5;adj
institucional;5;adj
instalar;5;ver
inocente;5;adj
inferno;5;nom
indonésio;5;nom
indenização;5;nom
inaudível;5;adj
inaceitável;5;adj
impacto;5;nom
igual;5;adj
igreja;5;nom
humano;5;adj
hornet;5;nr
histórico;5;adj
hipótese;5;nom
havaí;5;nom
hamburgo;5;nom
graça;5;nom
gomes;5;nom
gilberto;5;nom
garcia;5;nom
fácil;5;adj
fuzilar;5;ver
fraco;5;adj
formar;5;ver
filósofo;5;adj
festa;5;nom
expressão;5;nom
expressar;5;ver
explosão;5;nom
expectativa;5;nom
exercer;5;ver
exclusivo;5;adj
ex_presidenta;5;nr
ex_governador;5;nr
ex_diretor;5;nr
eunício;5;nr
estádio;5;nom
estilo;5;nom
estadual;5;adj
especializado;5;adj
escoltar;5;ver
escola;5;nom
eremita;5;nom
engenheiro;5;nom
enganar;5;ver
encaminhar;5;ver
eleitor;5;nom
edir;5;nom
década;5;nom
duque;5;nom
droga;5;nom
distribuir;5;ver
disposição;5;nom
direcionar;5;ver
diplomático;5;adj
diploma;5;nom
diogo;5;nom
devolver;5;ver
destinar;5;ver
desmoralizar;5;ver
desespero;5;nom
desembargador;5;nom
descrever;5;ver
demitir;5;ver
cúmplice;5;nom
custo;5;nom
cretino;5;nom
correio;5;nom
coração;5;nom
coragem;5;nom
contêiner;5;nom
constante;5;adj
confusão;5;nom
complicar;5;ver
comparar;5;ver
comer;5;ver
combinar;5;ver
colunista;5;nom
cobrar;5;ver
clube;5;nom
cinza;5;nom
certeza;5;nom
casal;5;nom
carreira;5;nom
caber;5;ver
busca;5;nom
brückner;5;nr
bovino;5;adj
boechat;5;nr
bispo;5;nom
bernardo;5;nom
benesse;5;nom
benefício;5;nom
bater;5;ver
barroso;5;nom
bancário;5;adj
autor;5;nom
aumento;5;nom
atibaia;5;nom
assustar;5;ver
assassinar;5;ver
apurar;5;ver
apreensão;5;nom
aposentar;5;ver
análise;5;nom
antonio;5;nom
antigo;5;adj
aniversário;5;nom
andar;5;ver
alegre;5;adj
agressivo;5;adj
agraciar;5;ver
agosto;5;nom
adotar;5;ver
adiar;5;ver
acalmar;5;ver
abastecer;5;ver
abar;5;ver
1a;5;nr
ódio;4;nom
áfrica;4;nom
wyllys;4;nr
wagner;4;nom
waack;4;nr
vladmir;4;nr
vladimir;4;nom
visão;4;nom
visita;4;nom
vieira;4;nom
viana;4;nom
viagem;4;nom
veículo;4;nom
versão;4;nom
verificar;4;ver
vereador;4;nom
verbo;4;nom
vencido;4;adj
vaca;4;nom
uísque;4;nom
uol;4;nr
un;4;nr
tóquio;4;nom
turista;4;nom
turco;4;adj
treta;4;nom
treinamento;4;nom
transmitir;4;ver
transferência;4;nom
trajetória;4;nom
traduzir;4;ver
tona;4;nom
testemunho;4;nom
tese;4;nom
terreno;4;nom
terminar;4;ver
temporário;4;adj
tarefa;4;nom
suécia;4;nom
suspeito;4;adj
surto;4;nom
sul_coreano;4;nr
sucata;4;nom
subir;4;ver
soviético;4;adj
sonhar;4;ver
sonegação;4;nom
sol;4;nom
sindicato;4;nom
silêncio;4;nom
show;4;nom
sessão;4;nom
segunda_feira;4;nr
saída;4;nom
sala;4;nom
roubo;4;nom
rosa;4;nom
ronald;4;nom
rodrigues;4;nom
rifle;4;nom
reverter;4;ver
revelação;4;nom
restrição;4;nom
requião;4;nom
remover;4;ver
relacionar;4;ver
referência;4;nom
reduzido;4;adj
reduto;4;nom
recusar;4;ver
recebimento;4;nom
rebater;4;ver
reagan;4;nom
quinta_feira;4;nr
quebrado;4;adj
pânico;4;nom
página;4;nom
província;4;nom
protagonizar;4;ver
proporção;4;nom
propor;4;ver
processar;4;ver
preço;4;nom
prerrogativa;4;nom
preocupar;4;ver
pinto;4;nom
pica_pau;4;nr
perdoar;4;ver
penitenciária;4;nom
pau;4;nom
patético;4;adj
patmos;4;nr
partidário;4;nom
parceiro;4;nom
papudo;4;adj
palhaço;4;nom
pacote;4;nom
originário;4;adj
organizado;4;adj
ops;4;nr
oposto;4;adj
oportunidade;4;nom
olho;4;nom
ocidental;4;adj
ocasião;4;nom
observar;4;ver
objetivo;4;adj
norte_coreanos;4;nr
mst;4;nr
mortadela;4;nom
morar;4;ver
metro;4;nom
mer;4;nr
mentiroso;4;nom
mentir;4;ver
medicamento;4;nom
marítimo;4;adj
marino;4;adj
maduro;4;adj
língua;4;nom
linguagem;4;nom
letícia;4;nom
leniência;4;nr
leia_se;4;nr
lascar;4;ver
lamentar;4;ver
kin;4;nr
junho;4;nom
jorge;4;nom
jogador;4;nom
jogada;4;nom
jato;4;nom
ironia;4;nom
inventar;4;ver
invasão;4;nom
interromper;4;ver
interior;4;adj
interferir;4;ver
interceptar;4;ver
influenciar;4;ver
inconformado;4;adj
imóvel;4;adj
império;4;nom
impressionar;4;ver
impopular;4;adj
implantação;4;nom
implantar;4;ver
imperialista;4;adj
ilusão;4;nom
identificação;4;nom
homenagem;4;nom
historiador;4;nom
harris;4;nom
hackers;4;nr
gênero;4;nom
gás;4;nom
guarda;4;nom
grito;4;nom
gritar;4;ver
gravata;4;nom
grade;4;nom
governar;4;ver
gil;4;nom
geng;4;nr
gabinete;4;nom
fux;4;nr
fundamento;4;nom
fundador;4;nom
fugir;4;ver
frequência;4;nom
frederico;4;nom
fred;4;nom
fracassado;4;adj
formular;4;ver
fiscalização;4;nom
financiar;4;ver
fidel;4;nom
ferir;4;ver
federação;4;nom
fbi;4;nr
familiar;4;adj
falhar;4;ver
falado;4;adj
fagundes;4;nom
fada;4;nom
facilitar;4;ver
faca;4;nom
explosivo;4;adj
existente;4;adj
ex_presidentes;4;nr
ex_ministra;4;nr
ex_executivo;4;nr
ex_assessor;4;nr
estudo;4;nom
estranho;4;adj
estabilidade;4;nom
essencial;4;adj
esquerdo;4;adj
esplanada;4;nom
espaço;4;nom
espalhar;4;ver
esclarecer;4;ver
emergência;4;nom
eletrônico;4;adj
eficiência;4;nom
edição;4;nom
domiciliar;4;adj
ditadura;4;nom
disponível;4;adj
dispensar;4;ver
discursar;4;ver
diretoria;4;nom
diplomata;4;nom
digno;4;adj
diferença;4;nom
diego;4;nom
determinação;4;nom
deter;4;ver
detectar;4;ver
destróier;4;nom
destino;4;nom
despesa;4;nom
desmascarar;4;ver
desertor;4;nom
desculpa;4;nom
desabafo;4;nom
derramamento;4;nom
depor;4;ver
depender;4;ver
delito;4;nom
daciolo;4;nr
custar;4;ver
curvar;4;ver
crédito;4;nom
crescer;4;ver
corrêa;4;nom
corruptor;4;nom
coronel;4;nom
controlo;4;nom
continente;4;nom
contido;4;adj
consumir;4;ver
consumidor;4;nom
construção;4;nom
constrangimento;4;nom
conseqüências;4;nr
conselheiro;4;nom
consciência;4;nom
conhecimento;4;nom
confundir;4;ver
confronto;4;nom
concurso;4;nom
concreto;4;adj
compra;4;nom
competente;4;adj
colapso;4;nom
cnn;4;nr
circular;4;ver
ciar;4;ver
chão;4;nom
chave;4;nom
cenário;4;nom
ce;4;nr
cbf;4;nr
carrapato;4;nom
cancelar;4;ver
camarão;4;nom
calcular;4;ver
cacique;4;nom
cachorro;4;nom
cabelo;4;nom
buraco;4;nom
breve;4;adj
botar;4;ver
boi;4;nom
blogueiro;4;nr
besteira;4;nom
belo;4;adj
banheiro;4;nom
bala;4;nom
baixar;4;ver
avaliação;4;nom
aurélio;4;nom
atriz;4;nom
atribuir;4;ver
atrasado;4;adj
atrair;4;ver
assinatura;4;nom
assassinato;4;nom
assaltado;4;adj
asiático;4;adj
arquivar;4;ver
araújo;4;nom
aprovação;4;nom
aprontar;4;ver
aposentadoria;4;nom
apoiador;4;adj
apelo;4;nom
aparelho;4;nom
amorim;4;nom
amor;4;nom
altitude;4;nom
alimentar;4;ver
alienado;4;nom
aliança;4;nom
alessandra;4;nom
alemão;4;adj
alegação;4;nom
al_qaeda;4;nr
ahhh;4;nr
afeganistão;4;nom
acumular;4;ver
acidente;4;nom
aberto;4;adj
2a;4;nr
óculos;3;nom
youtube;3;nr
xingar;3;ver
world;3;nr
weber;3;nom
véspera;3;nom
voz;3;nom
vontade;3;nom
vitória;3;nom
violência;3;nom
vinho;3;nom
vigilância;3;nom
vidro;3;nom
vice_ministro;3;nr
ventilador;3;nom
vazamento;3;nom
varrer;3;ver
vandenberg;3;nr
uti;3;nr
universal;3;adj
túnel;3;nom
típico;3;adj
turbulência;3;nom
trágico;3;adj
trupe;3;nom
trf;3;nr
tratamento;3;nom
trata_se;3;nr
transpetro;3;nr
trair;3;ver
trabalhista;3;adj
tortura;3;nom
toa;3;nom
tiririca;3;nom
tillerson;3;nr
teórico;3;adj
testemunha;3;nom
temor;3;nom
tela;3;nom
tapa;3;nom
tailândia;3;nom
súbito;3;adj
série;3;nom
surpreso;3;adj
surpreender;3;ver
sul_coreanos;3;nr
sudeste;3;nom
sucessor;3;nom
substituto;3;nom
submerso;3;adj
subestimar;3;ver
solicitar;3;ver
solaris;3;nr
sobreviver;3;ver
soberania;3;nom
sinceridade;3;nom
sigla;3;nom
shuang;3;nr
sertanejo;3;adj
serraglio;3;nr
sergio;3;nom
sequestrar;3;ver
sentar;3;ver
senso;3;nom
seleção;3;nom
seletivo;3;adj
seguro;3;adj
seguidor;3;nom
seguido;3;adj
segmento;3;nom
secretária;3;nom
secretaria;3;nom
schaffner;3;nr
satélite;3;nom
satisfação;3;nom
sanitário;3;adj
salsicha;3;nom
sagrado;3;adj
rpdc;3;nr
roupa;3;nom
romance;3;nom
rey;3;nr
rex;3;nr
reuters;3;nr
reunido;3;adj
retorno;3;nom
resto;3;nom
restaurante;3;adj
resende;3;nom
repetido;3;adj
reparar;3;ver
remuneração;3;nom
rejeitar;3;ver
reinaldo;3;nom
refém;3;nom
redor;3;nom
recolher;3;ver
receita;3;nom
recebido;3;adj
realização;3;nom
realizado;3;adj
rasgar;3;ver
rascunho;3;nom
radialista;3;nom
radar;3;nom
racional;3;adj
rabo;3;nom
r_calf;3;nr
quebra;3;nom
quantidade;3;nom
péssimo;3;adj
pé;3;nom
publicitário;3;nom
príncipe;3;nom
provocador;3;adj
protocolo;3;nom
proprietário;3;nom
propriedade;3;nom
promessa;3;nom
profissão;3;nom
produzir;3;ver
procuradoria_geral;3;nr
privatizar;3;ver
primeira_ministra;3;nr
previsão;3;nom
prevenir;3;ver
presidir;3;ver
prenda;3;nom
pregar;3;ver
precedente;3;adj
prazer;3;nom
pr;3;nr
post;3;nr
porte;3;nom
portar;3;ver
porta_voz;3;nr
pontual;3;adj
poderio;3;nom
plantar;3;ver
pl;3;nr
piloto;3;nom
pilantra;3;adj
pib;3;nr
peça;3;nom
petras;3;nr
pesquisar;3;ver
pesadelo;3;nom
pernambuco;3;nom
permissão;3;nom
perfil;3;nom
perfeito;3;adj
perdido;3;adj
perda;3;nom
pequim;3;nom
penitenciário;3;adj
pe;3;nr
pauta;3;nom
pausa;3;nom
patamar;3;nom
parceria;3;nom
paraíso;3;nom
paralisado;3;adj
paciência;3;nom
pacheco;3;nom
pa;3;nr
ovacionar;3;ver
outubro;3;nom
orçamento;3;nom
origem;3;nom
orientação;3;nom
orelha;3;nom
orcrim;3;nr
ofensiva;3;nom
of;3;nr
obrigar;3;ver
nêumanne;3;nr
novembro;3;nom
north;3;nr
norte_americanos;3;nr
norte_americanas;3;nr
nocaute;3;nom
negro;3;adj
nascer;3;nom
mutante;3;adj
moço;3;nom
moreno;3;adj
moreira;3;nom
mordido;3;adj
morder;3;ver
montante;3;nom
molina;3;nom
moleque;3;nom
miriam;3;nom
mina;3;nom
milionário;3;adj
mike;3;nom
microfone;3;nom
microcefalia;3;nom
michael;3;nom
metrô;3;nom
metade;3;nom
mesquinho;3;adj
mesada;3;nom
mello;3;nom
melhorar;3;ver
melar;3;ver
mega;3;nom
mcmaster;3;nr
mccain;3;nr
maurício;3;nom
mato;3;nom
massacrar;3;ver
manobra;3;nom
manga;3;nom
malafaia;3;nr
mainardi;3;nr
magistratura;3;nom
limpo;3;adj
licitação;3;nom
libertar;3;ver
liberação;3;nom
lewandowski;3;nr
letra;3;nom
legado;3;nom
lavar;3;ver
largo;3;adj
lambança;3;nom
kátia;3;nom
kiselyov;3;nr
kilo;3;nr
júnior;3;nom
jurista;3;nom
jungmann;3;nr
julius;3;nom
jones;3;nom
johnson;3;nom
john;3;nom
jeito;3;nom
jean;3;nom
jardim;3;nom
janete;3;nom
james;3;nom
jaburu;3;nom
itália;3;nom
isquemia;3;nom
irônico;3;adj
irregularidade;3;nom
irregular;3;adj
intuito;3;nom
intimação;3;nom
internação;3;nom
internauta;3;nr
internar;3;ver
interceder;3;ver
instante;3;nom
insistir;3;ver
ingênuo;3;adj
influente;3;adj
infeliz;3;adj
indignado;3;adj
indicado;3;adj
incompetente;3;adj
inauguração;3;nom
impulsivo;3;nom
importar;3;ver
implementar;3;ver
implacável;3;adj
impetrar;3;ver
impedimento;3;nom
imediato;3;adj
illuminati;3;nr
ilha;3;nom
ideológico;3;adj
ideologia;3;nom
identificado;3;adj
i;3;nom
humilhado;3;adj
huck;3;nr
hotel;3;nom
horário;3;nom
honra;3;nom
honestidade;3;nom
hoare;3;nr
hiroshima;3;nom
hiroshi;3;nr
helicóptero;3;nom
gripe;3;nom
gratidão;3;nom
grana;3;nom
grampear;3;ver
gordo;3;adj
google;3;nr
gonzaga;3;nom
gigante;3;adj
gesto;3;nom
geraldo;3;nom
gasto;3;adj
gasolina;3;nom
garoto;3;nom
garantia;3;nom
g1;3;nr
físico;3;adj
fã;3;nom
furtar;3;ver
furna;3;nom
fundação;3;nom
fruto;3;nom
fraude;3;nom
forçar;3;ver
forjar;3;ver
foco;3;nom
flecha;3;nom
flagrante;3;adj
firme;3;adj
firmar;3;ver
fez_se;3;nr
fevereiro;3;nom
favorecer;3;ver
faturamento;3;nom
fanático;3;nom
falta;3;nom
fallon;3;nr
falecido;3;adj
fake;3;nr
fadar;3;ver
facebook;3;nr
fabricar;3;ver
extorsão;3;nom
extinção;3;nom
exportar;3;ver
existência;3;nom
excepcional;3;adj
exame;3;nom
ex_primeira;3;nr
evidência;3;nom
europeu;3;adj
estreito;3;adj
estratégico;3;adj
estrago;3;nom
estender;3;ver
estabelecer;3;ver
esquerdista;3;adj
especulação;3;nom
espalhado;3;nom
escritor;3;nom
erguido;3;adj
equivaler;3;ver
episódio;3;nom
entrega;3;nom
entrada;3;nom
ensinar;3;ver
enrolado;3;adj
enriquecer;3;ver
energia;3;nom
emílio;3;nom
empresarial;3;adj
emocionar;3;ver
elevar;3;ver
elaborar;3;ver
einstein;3;nom
eike;3;nr
efeito;3;nom
edifício;3;nom
débito;3;nom
dágua;3;nr
duro;3;adj
dunga;3;nom
dom;3;nom
doer;3;ver
doente;3;adj
documentação;3;nom
ditado;3;nom
distribuição;3;nom
discussão;3;nom
diretório;3;adj
digital;3;adj
diabo;3;nom
devedor;3;nom
devastador;3;adj
determinado;3;adj
detenta;3;nr
destruição;3;nom
destaque;3;nom
despachar;3;ver
desmoronar;3;ver
desmentir;3;ver
desencadear;3;ver
desempenho;3;nom
desejar;3;ver
descobrir;3;ver
desabar;3;ver
dependente;3;adj
democrático;3;adj
demo;3;nom
demissão;3;nom
delírio;3;nom
delegacia;3;nom
defensor;3;nom
debate;3;nom
dama;3;nom
céu;3;nom
custa;3;nom
cury;3;nom
curto;3;adj
curiosidade;3;nom
culpar;3;ver
culpado;3;adj
culpa;3;nom
cuidar;3;ver
cubano;3;adj
cruz;3;nom
cristiano;3;nom
crimeia;3;nr
criação;3;nom
cracolândia;3;nr
cortar;3;ver
corpo;3;nom
copa;3;nom
convidado;3;nom
contrapartida;3;nom
confuso;3;adj
confrontar;3;ver
conferência;3;nom
conduta;3;nom
condenatório;3;adj
concordar;3;ver
concentrar;3;ver
comunicado;3;nom
compromisso;3;nom
comemoração;3;nom
comemorar;3;ver
coluna;3;nom
coitado;3;adj
cocaína;3;nom
cobrança;3;nom
cobra;3;nom
cobarde;3;adj
cláudia;3;nom
clique;3;nom
clima;3;nom
cliente;3;nom
clamar;3;ver
ciência;3;nom
cirino;3;nom
circuito;3;nom
circo;3;nom
cientista;3;nom
chiclete;3;nom
cheiro;3;nom
cheio;3;adj
chebar;3;nr
chanceler;3;nom
cerveja;3;nom
centro;3;nom
censura;3;nom
celso;3;nom
cautelar;3;adj
catástrofe;3;nom
catastrófico;3;adj
carteira;3;nom
carceragem;3;nom
capturar;3;ver
caos;3;nom
cantor;3;nom
cansar;3;ver
campo;3;nom
califórnia;3;nom
bunkers;3;nr
bruto;3;adj
brutal;3;adj
bruno;3;nom
brincar;3;ver
brincadeira;3;nom
brigar;3;ver
briga;3;nom
brahma;3;nom
bombardeio;3;nom
bolsa;3;nom
bola;3;nom
blog;3;nr
blefar;3;ver
bi;3;nom
benedita;3;nom
bastos;3;nom
basear;3;ver
baseado;3;adj
bangu;3;nom
bando;3;nom
baer;3;nr
açúcar;3;nom
avanço;3;nom
augusto;3;nom
atravessar;3;ver
atraso;3;nom
atrapalhar;3;ver
assis;3;nom
assessor;3;nom
asilo;3;nom
asean;3;nr
artilharia;3;nom
articular;3;ver
arrumar;3;ver
arrogante;3;adj
armazenar;3;ver
arco;3;nom
apuração;3;nom
aproximar;3;ver
aperto;3;nom
aparentar;3;ver
apagar;3;ver
antimíssil;3;adj
anti_aérea;3;nr
antecedência;3;nom
angela;3;nr
andré;3;nom
andamento;3;nom
amarelo;3;nom
altura;3;nom
alimentação;3;nom
albert;3;nom
alasca;3;nom
afundar;3;ver
afonso;3;nom
afastar;3;ver
adriano;3;nom
admar;3;nr
adiantar;3;ver
adequado;3;adj
acredita_se;3;nr
aceito;3;adj
abuso;3;nom
absurdo;3;adj
útil;2;adj
ótimo;2;adj
óleo;2;nom
íntegro;2;adj
êxito;2;nom
ético;2;adj
árabe;2;adj
álvaro;2;nom
zezé;2;nom
zeze;2;nr
zarattini;2;nr
yong_ho;2;nr
yankees;2;nr
william;2;nom
willer;2;nr
wesley;2;nr
wall;2;nr
waldemiro;2;nom
vital;2;adj
vistoria;2;nom
vincular;2;ver
villela;2;nr
victor;2;nom
vicioso;2;adj
vice_embaixador;2;nr
vergonhoso;2;adj
verbal;2;adj
veracidade;2;nom
ventilado;2;adj
venda;2;nom
velocidade;2;nom
vaza;2;nom
vasto;2;adj
variado;2;adj
vapor;2;nom
vanga;2;nr
valladares;2;nr
valdir;2;nom
vaga;2;adj
usuário;2;nom
usurpar;2;ver
unha;2;nom
u;2;nom
turismo;2;nom
tríplex;2;nr
trunfo;2;nom
trombone;2;nom
troco;2;nom
tristeza;2;nom
triste;2;adj
trilho;2;nom
tribuna;2;nom
trem;2;nom
treinar;2;ver
trato;2;nom
transposição;2;nom
transparência;2;nom
transformado;2;adj
tranquilo;2;adj
tramar;2;ver
traje;2;nom
traidor;2;nom
traficar;2;ver
totalizar;2;ver
torturar;2;ver
torquato;2;nom
tornozeleira;2;nr
torcer;2;ver
tomaz;2;nr
toga;2;nom
toffoli;2;nr
toby;2;nr
tirano;2;nom
tio;2;nom
thiago;2;nom
theresa;2;nr
thae;2;nr
tesoureiro;2;nom
terrorismo;2;nom
teor;2;nom
tenso;2;adj
telefonema;2;nom
tecnologia;2;nom
tcu;2;nr
taxa;2;nom
tardar;2;ver
tarcisio;2;nom
tapete;2;nom
talagadas;2;nr
takizawa;2;nr
sólido;2;adj
são;2;adj
sábado;2;nom
suspenso;2;adj
surpreendente;2;adj
suprimento;2;nom
supremacia;2;nom
suportar;2;ver
supersônico;2;adj
supermercado;2;nom
superioridade;2;nom
superar;2;ver
sun;2;nr
sul_coreanas;2;nr
sujeira;2;nom
sucessivo;2;adj
substância;2;nom
substancial;2;adj
subsidiário;2;nom
stédile;2;nr
street;2;nr
strategist;2;nr
status;2;nom
ssbn;2;nr
sqn;2;nr
sorrir;2;ver
sony;2;nom
sombra;2;nom
som;2;nom
solo;2;nom
solidariedade;2;nom
sobrar;2;ver
soares;2;nom
sindicalista;2;nom
simular;2;ver
simplificar;2;ver
similar;2;adj
seriedade;2;nom
separação;2;nom
sentenciar;2;ver
segurar;2;ver
saudar;2;ver
satan;2;nr
sarney;2;nom
sarkozy;2;nr
sarin;2;nr
santiago;2;nom
sanguinário;2;adj
sangrar;2;ver
sanar;2;ver
salvador;2;nom
saltar;2;ver
salmão;2;nom
saddam;2;nom
saco;2;nom
sabático;2;nr
sabatina;2;nom
ruína;2;nom
rs_28;2;nr
rs;2;nr
rouhani;2;nr
rotina;2;nom
rossi;2;nom
romero;2;nom
rolar;2;ver
ro;2;nr
rir;2;ver
ridículo;2;adj
rg;2;nr
revolto;2;adj
retribuir;2;ver
retiro;2;nom
retaliar;2;ver
resumo;2;nom
responsabilidade;2;nom
respeitado;2;adj
resolvido;2;adj
resgate;2;nom
resgatar;2;ver
reserva;2;nom
republicano;2;adj
reprodução;2;nom
representante;2;nom
repercussão;2;nom
renzo;2;nr
rendimento;2;nom
render;2;ver
renda;2;nom
remoção;2;nom
relembrar;2;ver
relativo;2;adj
reguffe;2;nr
regional;2;adj
reformar;2;ver
refletir;2;ver
reeleição;2;nom
redigir;2;ver
recuar;2;ver
recomendar;2;ver
recolocar;2;ver
reclusão;2;nom
reclamar;2;ver
recibo;2;nom
receio;2;nom
recebedor;2;nom
rebelar;2;ver
reafirmar;2;ver
raupp;2;nr
raul;2;nom
rato;2;nom
rastrear;2;ver
rastreamento;2;nom
rajada;2;nom
raciocínio;2;nom
quilo;2;nom
queixa_crime;2;nr
queixa;2;nom
queima;2;nom
quebradeira;2;nom
qualificado;2;adj
quadrilha;2;nom
quadrado;2;adj
pôr;2;ver
pássaro;2;nom
puro;2;adj
pupilo;2;nom
pum;2;nom
psicológico;2;adj
psd;2;nr
prudente;2;adj
providenciar;2;ver
prosub;2;nr
prosseguir;2;ver
propulsão;2;nom
promíscuo;2;adj
promiscuidade;2;nom
projétil;2;adj
projeção;2;nom
programação;2;nom
profeta;2;nom
profecia;2;nom
prodígio;2;nom
produção;2;nom
procurador_geral;2;nr
procedimento;2;nom
proceder;2;ver
privacidade;2;nom
princípio;2;nom
prezar;2;ver
presídio;2;nom
presunção;2;nom
presunto;2;nom
prestação;2;nom
pressa;2;nom
presidenta;2;nr
preservar;2;ver
presenciar;2;ver
preocupante;2;adj
preliminar;2;adj
prejudicado;2;adj
pregão;2;nom
precário;2;adj
precioso;2;adj
prata;2;nom
poxa;2;nr
potencial;2;nom
postagem;2;nom
positivo;2;adj
ponta;2;nom
pombo;2;nom
polônia;2;nom
polêmico;2;adj
pmdb_rj;2;nr
plataforma;2;nom
plantão;2;nom
placa;2;nom
pista;2;nom
pirâmide;2;nom
pirotecnia;2;nom
pilotar;2;ver
pilar;2;nom
picada;2;nom
piauí;2;nom
petróleo;2;nom
petrolão;2;nr
pesquisador;2;nom
peruzzo;2;nr
peru;2;nom
perturbar;2;ver
pertencer;2;ver
personalidade;2;nom
perseguição;2;nom
perseguir;2;ver
perpétuo;2;adj
perplexo;2;adj
perigo;2;nom
percorrer;2;ver
pentágono;2;nom
pensão;2;nom
peito;2;nom
pedalada;2;nom
pastor;2;nom
pasta;2;nom
passageiro;2;adj
pasmar;2;ver
pasadena;2;nr
parágrafo;2;nom
participação;2;nom
parente;2;adj
paredón;2;nr
parcela;2;nom
paralisar;2;ver
paralelo;2;adj
paraguai;2;nom
parafuso;2;nom
parado;2;adj
parabéns;2;nom
papelão;2;nom
pan;2;nom
palhaçada;2;nom
palanque;2;nom
palaciano;2;adj
padilha;2;nom
out;2;nr
ousadia;2;nom
ostentar;2;ver
osmar;2;nom
oslo;2;nom
orquestrar;2;ver
oriundo;2;adj
original;2;adj
oriental;2;adj
orgulho;2;nom
optar;2;ver
operar;2;ver
operador;2;nom
ohio;2;nom
offshore;2;nr
office;2;nom
ofensivo;2;adj
ocupado;2;adj
obsessão;2;nom
observação;2;nom
objeto;2;nom
nwo;2;nr
novoa;2;nr
novidade;2;nom
notável;2;adj
norueguês;2;adj
nomear;2;ver
nojento;2;adj
nivaldo;2;nom
nimitz;2;nr
never;2;nr
neutro;2;adj
nervosismo;2;nom
nervo;2;nom
nelson;2;nom
natureza;2;nom
natural;2;adj
narrar;2;ver
nangarhar;2;nr
máquina;2;nom
muçulmano;2;adj
mudo;2;adj
movimentação;2;nom
moss;2;nr
mosca;2;nom
morto_vivo;2;nr
mordomia;2;nom
moraes;2;nom
moradia;2;nom
montado;2;adj
monstro;2;nom
monitorar;2;nr
monica;2;nr
mole;2;adj
modéstia;2;nom
mochila;2;nom
mobilizar;2;ver
miyagi;2;nr
mistureba;2;nr
misturar;2;ver
missão;2;nom
misericórdia;2;nom
mineiro;2;adj
minc;2;nr
miller;2;nom
michigan;2;nom
metal;2;nom
mentora;2;nr
mentor;2;nom
mental;2;adj
menino;2;nom
mencionar;2;ver
memória;2;nom
meliante;2;nom
medeiros;2;nom
mayer;2;nom
may;2;nr
mau;2;adj
massacre;2;nom
mascarado;2;adj
marx;2;nom
martins;2;nom
marido;2;nom
marajá;2;nom
maquete;2;nom
mapear;2;ver
manutenção;2;nom
mancar;2;ver
maluf;2;nom
maluco;2;adj
malicioso;2;adj
maldito;2;adj
maioridade;2;nom
magro;2;adj
magnata;2;nom
maestrini;2;nr
macarrão;2;nom
lógica;2;nom
luz;2;nom
luxuoso;2;adj
luciano;2;nom
loja;2;nom
lindo;2;adj
lgbt;2;nr
leve;2;adj
levantamento;2;nom
lesão;2;nom
leste;2;nom
lesou;2;nr
lenha;2;nom
leite;2;nom
legislação;2;nom
legislador;2;nom
legenda;2;nom
lee;2;nom
lazarus;2;nr
lava;2;nom
lauro;2;nom
lasier;2;nr
laranja;2;nom
lançador;2;nom
lança;2;nom
lanchonete;2;nom
lancer;2;nr
lamentável;2;adj
laden;2;nr
ladainha;2;nom
klintsevich;2;nr
kkk;2;nr
kit;2;nom
kalil;2;nr
juízo;2;nom
justo;2;adj
justificativo;2;nom
junior;2;nom
julho;2;nom
julgá_lo;2;nr
jucá;2;nom
jr;2;nr
joseph;2;nom
jornada;2;nom
jong;2;nr
jaques;2;nr
janice;2;nom
jacob;2;nom
izumo;2;nr
item;2;nom
itamarati;2;nom
italiano;2;adj
israel;2;nom
irresponsável;2;adj
ira;2;nom
ipiranga;2;nom
inútil;2;adj
invés;2;nom
investir;2;ver
investimento;2;nom
inusitado;2;adj
intimidação;2;nom
intervir;2;ver
intermediário;2;adj
intensificar;2;ver
intelectual;2;adj
insulto;2;nom
instrumento;2;nom
instruir;2;ver
inocentar;2;ver
injúria;2;nom
injusto;2;adj
iniciativa;2;nom
inglês;2;adj
inglaterra;2;nom
infra-estrutura;2;nom
inferior;2;adj
inevitável;2;adj
indulto;2;nom
indireto;2;adj
indevido;2;adj
independência;2;nom
independent;2;nr
indenizar;2;ver
indefeso;2;adj
incriminar;2;ver
inconsciente;2;adj
incompetência;2;nom
incompatível;2;adj
incentivar;2;ver
incendiar;2;ver
incapaz;2;adj
inadequado;2;adj
inabalável;2;adj
imune;2;adj
impulsividade;2;nom
improvável;2;adj
imprevisível;2;adj
impor;2;ver
impiedoso;2;adj
imoralidade;2;nom
imoral;2;adj
iminente;2;adj
imenso;2;adj
imazu;2;nr
ilegítimo;2;adj
il;2;nr
iii;2;nr
humildade;2;nom
hs;2;nr
hostil;2;adj
horizonte;2;nom
honrado;2;adj
honorário;2;adj
homologar;2;ver
homenagear;2;ver
holofote;2;nom
holocausto;2;nom
holanda;2;nom
ho;2;nr
heráclito;2;nom
harvard;2;nom
harry;2;nr
han;2;nr
haley;2;nr
habilidade;2;nom
gêmeo;2;adj
guardian;2;nr
gritaria;2;nom
green;2;nr
gravidade;2;nom
gravador;2;nom
gravado;2;adj
grau;2;nom
gratificação;2;nom
granero;2;nr
grama;2;nom
gol;2;nom
gois;2;nr
gerenciamento;2;nom
geração;2;nom
georgina;2;nom
george;2;nom
generalizado;2;adj
gen;2;nr
gebran;2;nr
gazeta;2;nom
gato;2;nom
garçom;2;nom
garra;2;nom
garganta;2;nom
gangster;2;nom
gabriel;2;nom
gabar;2;ver
fôlego;2;nom
fórum;2;nom
fé;2;nom
fátima;2;nom
fábrica;2;nom
furo;2;nom
frouxo;2;adj
frieza;2;nom
frei;2;nom
fraudulento;2;adj
frança;2;nom
frango;2;nom
francês;2;adj
francischini;2;nr
fracasso;2;nom
formado;2;adj
foice;2;nom
fiofó;2;nr
financiamento;2;nom
filme;2;nom
filmagem;2;nom
filipino;2;nom
fila;2;nom
fictício;2;adj
festival;2;nom
ferreira;2;nom
ferraço;2;nr
fator;2;nom
farsa;2;nom
farinha;2;nom
fantasia;2;nom
falha;2;nom
falastrão;2;adj
face;2;nom
fabricação;2;nom
fab;2;nr
f_15k;2;nr
extrato;2;nom
extrapolar;2;ver
extraoficialmente;2;nr
expulsar;2;ver
expresso;2;adj
exportação;2;nom
experiência;2;nom
expedito;2;adj
expedir;2;ver
expandir;2;ver
exigência;2;nom
exceção;2;nom
exas;2;nr
exagero;2;nom
ex_tesoureiro;2;nr
ex_superintendente;2;nr
ex_procurador;2;nr
ex_marido;2;nr
ex_funcionário;2;nr
ex_executivos;2;nr
ex_braço;2;nr
evoluir;2;ver
evangélico;2;adj
evacuar;2;ver
etchegoyen;2;nr
etapa;2;nom
estudioso;2;adj
estruturado;2;adj
estrito;2;adj
estranhar;2;ver
estragar;2;ver
estrada;2;nom
estoque;2;nom
estimativa;2;nom
estima_se;2;nr
esquisito;2;adj
esquerdopata;2;nr
esquentar;2;ver
esquecido;2;adj
esquadrão;2;nom
espionagem;2;nom
espada;2;nom
esmagar;2;ver
esgarranchadas;2;nr
escolha;2;nom
escolar;2;adj
escassez;2;nom
escala;2;nom
equivalente;2;adj
equipar;2;ver
equilíbrio;2;nom
envolvimento;2;nom
envio;2;nom
entrevistar;2;ver
entoar;2;ver
entalar;2;ver
ensino;2;nom
enquadrado;2;adj
engavetar;2;ver
enfático;2;adj
encurralar;2;ver
encomendar;2;ver
emyr;2;nr
empregar;2;ver
empreendimento;2;nom
empreender;2;ver
empenhar;2;ver
empatar;2;ver
emirado;2;nom
eminente;2;adj
embarcação;2;nom
embalagem;2;nom
elogio;2;nom
eliana;2;nom
elevado;2;adj
eletrobras;2;nr
eleito;2;adj
eita;2;nr
dúzia;2;nom
duvidoso;2;adj
duvidar;2;ver
doutor;2;nom
dormir;2;ver
doméstico;2;adj
dominação;2;nom
doença;2;nom
doador;2;nom
distrito;2;nom
disputar;2;ver
disposto;2;adj
dispositivo;2;nom
disfarçar;2;ver
disciplinar;2;adj
dirigente;2;nom
diminuir;2;ver
did;2;nr
devolução;2;nom
devaneio;2;nom
detento;2;nom
detalhado;2;adj
desvio;2;nom
destrutivo;2;adj
desprover;2;ver
despertar;2;ver
despencar;2;ver
desodorante;2;adj
designar;2;ver
desfazer;2;ver
desenvolvido;2;adj
desempenhar;2;ver
desejo;2;nom
desculpar;2;ver
descoberto;2;adj
desastre;2;nom
desapercebido;2;adj
desaparecido;2;adj
desafeto;2;adj
derramar;2;ver
deprimente;2;adj
dependência;2;nom
denominar;2;ver
deliberação;2;nom
deflagração;2;nom
deflagrar;2;ver
definitivo;2;adj
defensivo;2;adj
defensar;2;ver
dedo;2;nom
decolar;2;ver
decepção;2;nom
debochar;2;ver
dcns;2;nr
danificar;2;ver
damasco;2;nom
código;2;nom
cível;2;adj
césar;2;nom
câncer;2;nom
custear;2;ver
cuspir;2;ver
curso;2;nom
cristo;2;nom
criminalista;2;nom
criminalidade;2;nom
criador;2;nom
crack;2;nom
cpi;2;nr
cotovelo;2;nom
costumar;2;ver
cortella;2;nr
corrompido;2;adj
corromper;2;ver
corrida;2;nom
corretor;2;nom
corresponder;2;ver
correria;2;nom
corporação;2;nom
corporal;2;adj
corinthians;2;nom
cor;2;nom
conviver;2;ver
convidar;2;ver
contradizer;2;ver
contrabandear;2;ver
contra_ataque;2;nr
contestar;2;ver
contabilidade;2;nom
construtor;2;nom
constitucional;2;adj
conspirar;2;ver
consecutivo;2;adj
conglomerado;2;nom
confirmação;2;nom
condicionado;2;adj
concretizar;2;ver
concorrer;2;ver
conclusão;2;nom
concentrado;2;adj
conceito;2;nom
comunidade;2;nom
computador;2;nom
compreender;2;ver
composição;2;nom
comportar;2;ver
complexo;2;adj
comparecer;2;ver
companhia;2;nom
comovente;2;adj
cometido;2;adj
comentarista;2;nom
combustível;2;nom
comboio;2;nom
collor;2;nom
colidir;2;ver
colher;2;ver
colarinho;2;nom
colaboração;2;nom
colaborar;2;ver
colaborador;2;nom
coibir;2;ver
cobrir;2;ver
cnh;2;nr
clínico;2;adj
clandestino;2;adj
clamor;2;nom
cirurgia;2;nom
circulação;2;nom
cinismo;2;nom
cifra;2;nom
ciente;2;adj
cidadania;2;nom
churrascaria;2;nom
chuchu;2;nom
choro;2;nom
choque;2;nom
chinaglia;2;nr
chileno;2;adj
chile;2;nom
chibatada;2;nom
cheia;2;adj
chegada;2;nom
checar;2;ver
chauí;2;nom
chapéu;2;nom
chapelaria;2;nom
chapecoense;2;adj
cerimonial;2;adj
cena;2;nom
celebridade;2;nom
cavalo;2;nom
castro;2;nom
castigo;2;nom
cassar;2;ver
cassa;2;nom
cash;2;nr
caseiro;2;adj
cartório;2;nom
carro;2;nom
carinho;2;nom
carga;2;nom
cardápio;2;nom
cardoso;2;nom
capítulo;2;nom
captar;2;ver
capitalista;2;adj
candidatar;2;ver
cancerígeno;2;adj
canadá;2;nom
cana;2;nom
caminhar;2;ver
camada;2;nom
calado;2;adj
calada;2;adj
caiar;2;ver
caduquice;2;nom
cabo;2;nom
cabeleireiro;2;nom
cabaré;2;nom
bélico;2;adj
bélgica;2;nom
buzzfeed;2;nr
business;2;nr
buscar;2;ver
busan;2;nr
burro;2;adj
burocrático;2;adj
burlar;2;ver
bretas;2;nr
braziliense;2;nr
braz;2;nom
boy;2;nom
bordo;2;nom
boné;2;nom
bombeiro;2;nom
bolívia;2;nom
bolso;2;nom
bolsa_família;2;nr
bofetada;2;nom
bobagem;2;nom
bloqueio;2;nom
bloquear;2;ver
blefe;2;nom
biônico;2;adj
bioquímico;2;adj
biológico;2;adj
bin;2;nr
biliardário;2;nr
bico;2;nom
biblioteca;2;nom
bh;2;nr
bezerro;2;nom
benedicto;2;nr
bem_sucedido;2;nr
beltrão;2;nom
belga;2;adj
beira;2;nom
batizar;2;ver
bate_boca;2;nr
batalha;2;nom
bastidor;2;nom
barra;2;nom
barbosa;2;nom
banquete;2;nom
banguela;2;adj
bandeira;2;nom
bancar;2;ver
banca;2;nom
banana;2;nom
balear;2;ver
balde;2;nom
bairro;2;nom
b_1b;2;nr
azul;2;nom
azeitona;2;nom
ayman;2;nr
avô;2;nom
aviário;2;adj
avançar;2;ver
avançado;2;adj
aval;2;nom
autorização;2;nom
autoria;2;nom
autonomia;2;nom
ausência;2;nom
austrália;2;nom
australiano;2;adj
audácia;2;nom
atuação;2;nom
atualizar;2;ver
atirar;2;ver
atestar;2;ver
aterrissagem;2;nom
atentado;2;nom
atear;2;ver
atacado;2;nom
astronômico;2;adj
assegurar;2;ver
assassino;2;nom
assaltar;2;ver
asneira;2;nom
articulado;2;adj
arthur;2;nom
arsenal;2;nom
arroz;2;nom
arrogância;2;nom
arrepender;2;ver
arrendar;2;ver
arquivo;2;nom
arena;2;nom
archive;2;nr
arbitrário;2;adj
aquisição;2;nom
aquecer;2;ver
apóstolo;2;nom
aprofundar;2;ver
apresentação;2;nom
apreender;2;ver
aplicação;2;nom
aplicado;2;adj
aplaudir;2;ver
apedrejar;2;ver
aparente;2;adj
anular;2;ver
anual;2;adj
ansioso;2;adj
anseio;2;nom
aniquilar;2;ver
angustiado;2;adj
andréa;2;nom
andrade;2;nom
amparo;2;nom
amizade;2;nom
ambiente;2;nom
amaggi;2;nr
am;2;nr
alternado;2;adj
almoço;2;nom
aliviar;2;ver
alexandrino;2;nom
alencar;2;nom
alcunha;2;nom
al_zawahri;2;nr
al;2;nr
aguentar;2;ver
agropecuário;2;adj
agronegócio;2;nr
agredir;2;ver
agravar;2;ver
agrado;2;nom
agradecer;2;ver
agenda;2;nom
afp;2;nr
afegão;2;adj
adulterado;2;adj
adriana;2;nom
administrativo;2;adj
adivinho;2;nom
adilson;2;nom
acovardada;2;nr
acontecimento;2;nom
aconselhar;2;ver
acolhê_lo;2;nr
acessou;2;nr
acerto;2;nom
abrigar;2;ver
abreu;2;nom
abordar;2;ver
abertura;2;nom
abandonar;2;ver
8a;2;nr
4a;2;nr
órfão;1;adj
íntimo;1;adj
índole;1;nom
ídolo;1;nom
ético_disciplinares;1;nr
ão;1;nr
áureo;1;adj
ásia_pacífico;1;nr
ágil;1;adj
ácido;1;nom
zwi;1;nr
zumbi;1;nom
zhiying;1;nr
zelote;1;nom
zelar;1;ver
zawahri;1;nr
yonhap;1;nr
yokosuka;1;nr
xx;1;nr
xvii;1;nr
xix;1;nr
xadrez;1;nom
www;1;nr
wonsan;1;nr
wladmir;1;nr
wladimir;1;nom
wilson;1;nom
willian;1;nom
wiig;1;nr
welle;1;nr
week;1;nr
waldir;1;nom
vínculo;1;nom
vácuo;1;nom
vulgo;1;nom
vomitar;1;ver
voluntário;1;adj
voltaire;1;nom
vocêsnada;1;nr
vocação;1;nom
vocabulário;1;nom
viável;1;adj
vivenciar;1;ver
vitimizando;1;nr
vitimismo;1;nr
vitimar;1;ver
visualizar;1;ver
vislumbrar;1;ver
visitante;1;nom
virtude;1;nom
virtual;1;adj
viral;1;adj
vip;1;adj
violento;1;adj
violentar;1;ver
violação;1;nom
viola;1;nom
vinicius;1;nom
vingar_se;1;nr
vingança;1;nom
vinda;1;nom
vila;1;nom
vigília;1;nom
vigorar;1;ver
vigilante;1;adj
vietnã;1;nom
vidraça;1;nom
viciado;1;adj
vice_presidência;1;nr
vice;1;nom
viabilizar;1;ver
vestido;1;nom
verniz;1;nom
vern;1;nr
vermífugo;1;adj
verba;1;nom
ventilação;1;nom
vendar;1;ver
velado;1;adj
vaticano;1;adj
vasoativas;1;nr
vaso;1;nom
vasculhar;1;ver
vascular;1;adj
variar;1;ver
vargem;1;nom
vargas;1;nom
varejista;1;adj
vangelia;1;nr
vanessa;1;nom
vanderbilt;1;nr
vandalizar;1;ver
valério;1;nom
valioso;1;adj
validar;1;ver
validade;1;nom
valeska;1;nr
valdarco;1;nr
vacina;1;nom
utopia;1;nom
utilização;1;nom
utilidade;1;nom
usurpação;1;nom
usp;1;nr
urna;1;nom
urgência;1;nom
urdir;1;ver
unânime;1;adj
universitário;1;adj
university;1;nr
universidade;1;nom
unipolaristas;1;nr
unilever;1;nr
unilateral;1;adj
unificar;1;ver
ung;1;nr
umasituação;1;nr
ultimato;1;nom
ucrânia;1;nom
ucifrão;1;nr
uai;1;nr
tô;1;nr
tíquete;1;nom
técnico;1;nom
tático;1;adj
tvs;1;nr
tutela;1;nom
turno;1;nom
tumulto;1;nom
tuitou;1;nr
tuane;1;nr
tu_95h;1;nr
trâmite;1;nom
trt;1;nr
troféu;1;nom
tripé;1;nom
tripulação;1;nom
trigo;1;nom
trident;1;nr
trf4;1;nr
treinador;1;nom
treinado;1;adj
tre;1;nr
traça;1;nom
trava_línguas;1;nr
tratado;1;nom
transtorno;1;nom
transporte;1;nom
transmissão;1;nom
transitar;1;ver
transgressão;1;nom
transcrição;1;nom
transcrever;1;ver
transação;1;nom
trancar;1;ver
tranca;1;nom
tramoias;1;nr
tramitação;1;nom
tramitar;1;ver
trambiqueiro;1;nr
trambique;1;nom
trama;1;nom
tralhadores;1;nr
trajar;1;ver
traição;1;nom
trailer;1;nom
tragédia;1;nom
totalitário;1;adj
torto;1;adj
torre;1;nom
tornou_se;1;nr
torna_se;1;nr
torcido;1;adj
torcedor;1;nom
tony;1;nom
tonelada;1;nom
tomografia;1;nom
tolerar;1;ver
togo;1;nr
tocante;1;adj
to;1;nr
titular;1;adj
tite;1;nr
tiroteio;1;nom
tiro;1;nom
tiradentes;1;nom
tinhoso;1;adj
tijolaço;1;nr
thomas;1;nom
tetrapak;1;nr
tesouro;1;nom
terremoto;1;nom
terramoto;1;nom
terminal;1;nom
terb;1;nr
terapia;1;nom
teoria;1;nom
tendência;1;nom
temporada;1;nom
tempestade;1;nom
tema;1;nom
telos;1;nr
telespectador;1;nom
telefônico;1;adj
telefonia;1;nom
tecido;1;nom
teatro;1;nom
taxar;1;ver
tatuí;1;nom
tasso;1;nom
tass;1;nr
tacaram;1;nr
tablets;1;nr
tabelionato;1;nom
sócio;1;nom
síntese;1;nom
síndico;1;nom
símbolo;1;nom
syria;1;nr
symbol;1;nr
symantec;1;nr
suíno;1;nom
suspeitar;1;ver
suscetível;1;adj
surpresinha;1;nr
surpresa;1;nom
surdina;1;nom
supérfluo;1;adj
suposição;1;nom
suporte;1;nom
supor;1;ver
supervisão;1;nom
supervisionar;1;ver
superintendência;1;nom
superintendente;1;nom
superfície;1;nom
super_rápidos;1;nr
super_míssil;1;nr
sung;1;nr
sundayexpress;1;nr
sunda;1;nr
sumir;1;ver
sumatra;1;nom
sumarino;1;nr
sul_coreana;1;nr
sujeitar;1;ver
sugestão;1;nom
sudoeste;1;nom
sucessório;1;adj
sucedido;1;adj
substitutivo;1;adj
substituição;1;nom
subsolo;1;nom
subsistir;1;ver
subproduto;1;nom
suborno;1;nom
subornar;1;ver
subordinar;1;ver
submeter;1;ver
subliminar;1;adj
sub_procurador_geral;1;nr
strikes;1;nr
stratfor;1;nr
stedile;1;nr
steak;1;nr
star;1;nom
stalin;1;nom
ss_18;1;nr
square;1;nr
sputinik;1;nr
sova;1;nom
souza;1;nom
sorte;1;nom
sorriso;1;nom
sonny;1;nr
song_ryol;1;nr
song;1;nr
somália;1;nom
sombrio;1;adj
solucionar;1;ver
solitário;1;adj
solenidade;1;nom
solberg;1;nr
solar;1;adj
sofá;1;nom
sociólogo;1;nom
soberbo;1;adj
soar;1;ver
skornick;1;nr
sivkov;1;nr
situar;1;ver
sinto_me;1;nr
sinprofaz;1;nr
sinpo;1;nr
singular;1;adj
sinfonia;1;nom
sinalizar;1;ver
simulação;1;nom
simpatizante;1;nom
silício;1;nom
silas;1;nom
significativo;1;adj
significado;1;nom
siglos;1;nr
sigiloso;1;adj
shopping;1;nom
shoigu;1;nr
shikoku;1;nr
shenyang;1;nr
shen;1;nr
shayrat;1;nr
sessions;1;nr
serve_se;1;nr
seriado;1;nom
sergey;1;nr
sereno;1;adj
seqüestrar;1;ver
seqüestrador;1;adj
separar;1;ver
separado;1;adj
seoul;1;nr
seongju;1;nr
sentimento;1;nom
sensibilidade;1;nom
sensato;1;adj
seminário;1;nom
semideus;1;nom
semelhante;1;adj
semanal;1;adj
selecionar;1;ver
secretário_geral;1;nr
seara;1;nom
seals;1;nr
sd_ba;1;nr
scritório;1;nr
schahin;1;nr
sc;1;nr
sbt;1;nr
saudável;1;adj
saudita;1;adj
satânico;1;adj
sarrar;1;ver
sarmat;1;nr
saquear;1;ver
sapiência;1;nom
santander;1;nr
sanidade;1;nom
sanguíneo;1;adj
sanguessuga;1;nom
sangria;1;nom
sanear;1;ver
sanches;1;nom
san;1;nr
salão;1;nom
salvá_lo;1;nr
salvação;1;nom
salvaguarda;1;nom
saldo;1;nom
salame;1;nom
sala_cofre;1;nr
saguão;1;nom
safronkov;1;nr
safra;1;nom
safar;1;ver
safadão;1;nr
safadeza;1;nom
sadio;1;adj
sacar;1;ver
sabe_se;1;nr
s_300pmu2;1;nr
rígido;1;adj
ré;1;nom
ryong;1;nr
ryol;1;nr
ruinoso;1;adj
rtp;1;nr
royal;1;nom
rovai;1;nr
rouanet;1;nr
rota;1;nom
rosto;1;nom
rosnar;1;ver
roraima;1;nom
rondar;1;ver
romântico;1;adj
romper;1;ver
roma;1;nom
rollemberg;1;nr
rogar;1;ver
rodolfo;1;nom
robinson;1;nr
roberts;1;nr
rn;1;nr
ritual;1;nom
ritmo;1;nom
risca;1;nom
risada;1;nom
rigoroso;1;adj
rigor;1;nom
rezar;1;ver
revolucionário;1;adj
revoltar;1;ver
revoltado;1;adj
revisão;1;nom
revigorar;1;ver
revender;1;ver
reutilizável;1;adj
reunificação;1;nom
retórico;1;adj
retrucar;1;ver
retrospetiva2017;1;nr
retrospectiva2017;1;nr
retratar;1;ver
retenção;1;nom
retardatário;1;nom
resultar;1;ver
restringindo_se;1;nr
restante;1;adj
restabelecer;1;ver
ressuscitar;1;ver
ressurreição;1;nom
responsabilizar;1;ver
respeitável;1;adj
respaldem;1;nr
resolução;1;nom
reservado;1;adj
requisitar;1;ver
requerimento;1;nom
requerido;1;adj
requerente;1;nom
requeijão;1;nom
repúdio;1;nom
reputação;1;nom
repudiar;1;ver
reproduzir;1;ver
representativo;1;adj
repouso;1;nom
repetição;1;nom
repetitivo;1;adj
repercutir;1;ver
repelir;1;ver
reocupar;1;ver
renomado;1;adj
rendição;1;nom
remorso;1;nom
remontar;1;ver
religião;1;nom
religioso;1;adj
relevar;1;ver
relevante;1;adj
reles;1;adj
relaxar;1;ver
relatoria;1;nr
relacionado;1;adj
rejeição;1;nom
reivindicar;1;ver
reiterar;1;ver
reitera_se;1;nr
reincidência;1;nom
reinado;1;nom
regulamentar;1;ver
regulador;1;adj
regressar;1;ver
rego;1;nom
registre_se;1;nr
reggiano;1;nr
reger;1;ver
refugiado;1;nom
refrescar;1;ver
reformular;1;ver
refletor;1;adj
referido;1;adj
referente;1;adj
reestruturação;1;nom
reescrever;1;ver
reeleger;1;ver
redondo;1;adj
redimir;1;ver
redenção;1;nom
rede_ap;1;nr
recuo;1;nom
recorrente;1;adj
reconsiderar;1;ver
reconquistar;1;ver
reconhecimento;1;nom
reconhecer;1;ver
recompensa;1;nom
recomeçar;1;ver
recolhimento;1;nom
recolhido;1;adj
recife;1;nom
rechear;1;ver
rechaçar;1;ver
recessão;1;nom
recepção;1;nom
receoso;1;adj
rebentar;1;ver
reator;1;nom
reativar;1;ver
reaproximar;1;ver
realocar;1;nr
realista;1;adj
realidade;1;nom
reajuste;1;nom
reacionário;1;adj
reabrir;1;ver
rd1;1;nr
rcifrão500;1;nr
rcifrão4;1;nr
rcifrão300;1;nr
rcifrão170;1;nr
rcifrão13;1;nr
rcifrão1;1;nr
razoável;1;adj
raymundo;1;nom
rastreável;1;nr
raspar;1;ver
rangel;1;nom
ramsonware;1;nr
raiva;1;nom
raio;1;nom
raimunda;1;nom
radioativo;1;adj
radicalismo;1;nom
racionalidade;1;nom
rabisco;1;nom
quo;1;nr
quilômetro;1;nom
querosene;1;nom
quente;1;adj
queda;1;nom
quebra_quebra;1;nr
quebra_pau;1;nr
quartar;1;ver
quantia;1;nom
qualitá;1;nr
pós_itália;1;nr
pólvora;1;nom
pó;1;nom
pétreo;1;adj
pérola;1;nom
pão;1;nom
pátria;1;nom
páreo;1;nom
pálido;1;adj
pyramid;1;nr
puxa_sacos;1;nr
putzela;1;nr
pursuit;1;nr
puni_lo;1;nr
pulo;1;nom
publicidade;1;nom
pt_sp;1;nr
pt_rs;1;nr
pt_rn;1;nr
pt_rj;1;nr
pt_iij;1;nr
pt_ac;1;nr
psol;1;nr
psiquiatra;1;nom
psicopatologia;1;nom
psdb_mg;1;nr
psb_pi;1;nr
psb;1;nr
ps;1;nr
pró_michel_temer;1;nr
prêmio;1;nom
pré_sal;1;nr
pré_determinado;1;nr
proximidade;1;nom
provérbio;1;nom
provisório;1;adj
provisão;1;nom
provir;1;ver
providência;1;nom
providencial;1;adj
proveniente;1;adj
proteína;1;nom
protected;1;nr
prorrogar;1;ver
propósito;1;nom
propício;1;adj
proposto;1;adj
propositivas;1;nr
proposital;1;adj
proporcionar;1;ver
propagar;1;ver
propaganda;1;nom
promotoria;1;nom
prol;1;nom
proibição;1;nom
progressista;1;nom
profetizar;1;ver
proferir;1;ver
proferido;1;adj
produtor;1;nom
procon;1;nr
probabilidade;1;nom
privilégio;1;nom
privilegiar;1;ver
privativo;1;adj
privar;1;ver
prioriza_se;1;nr
prioridade;1;nom
prints;1;nr
print;1;nr
primeiro_ministra;1;nr
prezado;1;adj
prevalecer;1;ver
pretexto;1;nom
pretensão;1;nom
prestígio;1;nom
pressuposto;1;nom
press;1;nr
presidiário;1;nom
presidenciável;1;adj
prepotência;1;nom
prepotente;1;adj
preposto;1;nom
preponderante;1;adj
preparativas;1;nr
prelúdio;1;nom
prejudicial;1;adj
prejeto;1;nr
predominar;1;ver
predizer;1;ver
precisão;1;nom
precavido;1;adj
precaução;1;nom
prb;1;nr
praça;1;nom
prateleira;1;nom
prateado;1;adj
pragmático;1;adj
pr_go;1;nr
pqp;1;nr
powerpoint;1;nom
power_point;1;nr
potencializar;1;ver
postaremos;1;nr
posar;1;ver
português;1;adj
porteiro;1;nom
portador;1;nom
porta_helicópteros;1;nr
porrete;1;nom
porco;1;nom
popô;1;nr
populoso;1;adj
populismo;1;nom
político_religioso;1;nr
polegada;1;nom
polar;1;adj
poeira;1;nom
pode_se;1;nr
pmdb_to;1;nr
pmdb_rn;1;nr
pmdb_pr;1;nr
pleno;1;adj
planejamento;1;nom
pitacos;1;nr
pitaco;1;nr
pistola;1;nom
piscar;1;nom
pires;1;adj
pirar;1;ver
piranha;1;nom
piracicaba;1;nom
piorar;1;ver
pintar;1;ver
pino;1;nom
pinhal;1;nom
pinguela;1;nom
pingo;1;nom
pilha;1;nom
pictures;1;nr
picolé;1;nom
pichar;1;ver
picanha;1;nom
picado;1;adj
pi;1;nr
phs;1;nr
pezão;1;nr
petulância;1;nom
petropavlovsk;1;nr
petrobrás;1;nom
petralhada;1;nr
petição;1;nom
petezada;1;nr
pestanejar;1;ver
peso;1;nom
pescado;1;nom
pesca;1;nom
perverso;1;adj
peruca;1;nom
pertencente;1;adj
persuadi_lo;1;nr
perspectiva;1;nom
perseguiremos;1;nr
perpetração;1;nom
perniciosamente;1;nr
pernambucano;1;adj
perguntássemos;1;nr
performance;1;nom
pererecar;1;ver
peregrinação;1;nom
perdue;1;nr
perdigão;1;nom
penteado;1;nom
penta_réu;1;nr
pensamento;1;nom
penalidade;1;nom
pele;1;nom
peixe;1;nom
pegá_lo;1;nr
pedestal;1;nom
peculiar;1;adj
pecorino;1;nr
pdv;1;nr
pcdob_am;1;nr
pb;1;nr
pavor;1;nom
pavimentar;1;ver
paulsen;1;nr
paulistano;1;adj
paulino;1;nom
paul;1;nom
patrão;1;nom
patrocínio;1;nom
patrocinar;1;ver
pato;1;nom
patente;1;nom
pastar;1;ver
paschoal;1;nom
partilha;1;nom
partidarismo;1;nom
participante;1;nom
parque;1;nom
parmegiano;1;nr
parmalat;1;nom
parma;1;nom
parecis;1;nr
parecido;1;adj
parco;1;adj
paraty_rj;1;nr
paraquedas;1;nr
paranóico;1;adj
paranoía;1;nr
paranoica;1;nr
paralisação;1;nom
parabenizar;1;ver
par;1;nom
paquistão;1;nom
papai;1;nom
panqueca;1;nom
pano;1;nom
pandora;1;nom
pandeva;1;nr
pandemia;1;nom
pancadaria;1;nom
panar;1;ver
palmeira;1;nom
palestrar;1;ver
palestina;1;nom
palco;1;nom
paixão;1;nom
pairar;1;ver
painel;1;nom
pagador;1;adj
padano;1;nr
pacto;1;nom
pacificador;1;nom
pacaraima;1;nr
pac;1;nr
ozerov;1;nr
oxigênio;1;nom
oxigenar;1;ver
ouvido;1;nom
ouro;1;nom
otan;1;nr
osx;1;nr
osama;1;nr
orçar;1;ver
originar;1;ver
oriente;1;nom
orgulhado;1;nr
org;1;nr
ordnance;1;nr
orders;1;nr
order;1;nr
or;1;nr
opspresidente;1;nr
oprimido;1;nom
opressor;1;adj
opositor;1;nom
opor;1;ver
oponente;1;nom
opoentes;1;nr
operacional;1;adj
onça;1;nom
online;1;nr
onipresente;1;adj
onipotente;1;adj
onda;1;nom
on_line;1;nr
omissão;1;nom
ombro;1;nom
olho_que_tudo_vê;1;nr
okamoto;1;nr
ok;1;nr
oitiva;1;nom
oil;1;nr
oficina;1;nom
off;1;nr
ofendido;1;adj
ofender;1;ver
oeganização;1;nr
odontológico;1;adj
odioso;1;adj
odiar;1;ver
odebretch;1;nr
ocupação;1;nom
ocultação;1;nom
ocultar;1;ver
ocorrência;1;nom
ocorrido;1;adj
ocioso;1;adj
oceano;1;nom
obtivéssemos;1;nr
obtido;1;adj
obstáculo;1;nom
obstante;1;adj
obsoleto;1;adj
obrigação;1;nom
obeservação;1;nr
obedecer;1;ver
obcecado;1;adj
nó;1;nom
náusea;1;nom
nutrir;1;ver
nutricional;1;adj
nulo;1;adj
ntv;1;nr
novela;1;nom
noturno;1;adj
noticiar;1;ver
notarial;1;adj
norma;1;nom
nomeação;1;nom
nocautear;1;ver
nivelar;1;ver
niterói;1;nom
nin;1;nr
nikki;1;nr
nicolas;1;nom
nicarágua;1;nom
nformações;1;nr
newsau;1;nr
neurótico;1;adj
network;1;nr
nestlé;1;nom
nepotismo;1;nom
necessitar;1;ver
nazista;1;adj
navy;1;nr
nashville;1;nr
nascido;1;adj
narrativa;1;nom
narrado;1;adj
narcotráfico;1;nom
narcotraficante;1;nom
napoleônico;1;adj
namorar;1;ver
namorado;1;nom
nakatani;1;nr
nagasaki;1;nr
nacionalista;1;adj
mútuo;1;adj
músico;1;nom
método;1;nom
mérito;1;nom
médico_penal;1;nr
máscara;1;nom
mário;1;nom
mágoa;1;nom
mágico;1;adj
má_fé;1;nr
murilo;1;nom
multinacional;1;nom
mula;1;nom
mujica;1;nr
mu;1;nom
mt;1;nr
moto;1;nom
motivação;1;nom
motivar;1;ver
moscardi;1;nr
mortalidade;1;nom
morning;1;nr
monte;1;nom
montagem;1;nom
monopólio;1;nom
monitorando;1;nr
monitorada;1;nr
molhadura;1;nr
molhadelas;1;nr
molhadela;1;nr
moedlo;1;nr
modificar;1;ver
moderno;1;adj
moda;1;nom
moab;1;nr
mito;1;nom
misturado;1;adj
misterioso;1;adj
missile;1;nr
missar;1;ver
missa;1;nom
misericordioso;1;adj
mira;1;nom
minúsculo;1;adj
minuteman;1;nr
minimizar;1;ver
minerva;1;nom
minerador;1;adj
mineirão;1;nom
milícia;1;nom
militância;1;nom
militarizar;1;ver
mikhail;1;nom
migrar;1;ver
microsoft;1;nom
mianmar;1;nr
mi_mi_mi;1;nr
mexer;1;ver
metrópole;1;nom
messiânico;1;adj
mesquita;1;nom
mesa;1;nom
meridien;1;nr
merenda;1;nom
merecimento;1;nom
mercifrão;1;nr
mercadoria;1;nom
mente;1;nom
mendherson;1;nr
memorizamos;1;nr
melania;1;nr
melancia;1;nom
mediterrâneo;1;nom
medicina;1;nom
meado;1;nom
mazela;1;nom
mattis;1;nr
matrícula;1;nom
maternidade;1;nom
matador;1;nom
mata;1;nom
massive;1;nr
mascarenhas;1;nom
martelo;1;nom
marte;1;nom
marketing;1;nom
marionete;1;nom
mario;1;nom
mariano;1;nom
marcus;1;nom
marcola;1;nr
marchezan;1;nr
marchar;1;ver
marcarenhas;1;nr
maquiar;1;ver
maquiador;1;nom
maníaco;1;nom
manusear;1;ver
mantê_los;1;nr
manto;1;nom
manter_se;1;nr
manteiga;1;nom
manipulação;1;nom
mania;1;nom
mangabeira;1;nom
manejar;1;ver
mandioca;1;nom
manchete;1;nom
manchar;1;ver
mamata;1;nom
malásia;1;nom
malware;1;nr
maltratar;1;ver
mali;1;nr
malandro;1;nom
malandragem;1;nom
mal_entendido;1;nr
majorar;1;ver
majestade;1;nom
magreb;1;nr
magnânimo;1;adj
maggi;1;nr
magalhães;1;nom
maconha;1;nom
maciço;1;adj
machucar;1;ver
machada;1;nom
macarthismo;1;nr
macabro;1;adj
ma;1;nr
lóssio;1;nr
líquido;1;nom
lícito;1;adj
lágrima;1;nom
luíz;1;nr
lunático;1;nom
lunsville;1;nr
lulistas;1;nr
lulaprenda;1;nr
luis;1;nom
ludibriar;1;ver
lucrar;1;ver
luciana;1;nom
lucia;1;nom
ltda;1;nr
loucura;1;nom
lote;1;nom
lori;1;nr
longevo;1;adj
long_necks;1;nr
lombo;1;nom
logístico;1;adj
logotipo;1;nom
locutor;1;nom
lobato;1;nom
lixar;1;ver
livrá_lo;1;nr
liveo;1;nr
links;1;nr
linguiça;1;nom
limparo;1;nr
limitado;1;adj
lils;1;nr
licença;1;nom
liberty;1;nr
liberman;1;nr
liberal;1;adj
lg;1;nr
levá_lo;1;nr
leviandade;1;nom
levante;1;nom
lero;1;nr
leopoldo;1;nom
lento;1;adj
lema;1;nom
leitor;1;nom
leilão;1;nom
legitimado;1;adj
leandro;1;nom
lealdade;1;nom
leaders;1;nr
le;1;nr
laço;1;nom
lavantamento;1;nr
laus;1;nr
laudo;1;nom
latino;1;adj
later;1;ver
lata;1;nom
lasanha;1;nom
lar;1;nom
laos;1;nom
lama;1;nom
lacuna;1;nom
lacrimogênio;1;nr
lacerda;1;nom
kushner;1;nr
korean;1;nr
konstantin;1;nr
kn_14;1;nr
kn_08;1;nr
klein;1;nom
king;1;nom
kilotons;1;nr
kaspersky;1;nr
kamura;1;nr
júlio;1;nom
justificável;1;adj
juro;1;nom
juramento;1;nom
junta;1;nom
jumento;1;nom
juarez;1;nom
joça;1;nom
journal;1;nr
jornalismo;1;nom
joeslei;1;nr
joelho;1;nom
jobim;1;nom
joaquim;1;nom
jim;1;nom
jersey;1;nom
jereissati;1;nom
jeff;1;nr
jb;1;nr
java;1;nom
jaula;1;nom
jared;1;nr
jaqueta;1;nom
japan;1;nr
jangjae;1;nr
janela;1;nom
jamil;1;nom
jailton;1;nr
jader;1;nom
jabá;1;nom
iêmen;1;nom
izar;1;nr
ivan;1;nom
itaú_unibanco;1;nr
itatiaia;1;nom
istambul;1;nom
isopor;1;nom
isolado;1;adj
isentar;1;ver
irritação;1;nom
irreversível;1;adj
irreparável;1;adj
irreal;1;adj
irracional;1;adj
irião;1;nr
iraniano;1;adj
ipsos;1;nr
ipanema;1;nom
inúmero;1;adj
investigativo;1;adj
investidor;1;nom
inverter;1;ver
inventário;1;nom
invasor;1;adj
invadiremos;1;nr
inutilizar;1;ver
intrínseco;1;adj
introduzir;1;ver
intrigante;1;adj
intoxicação;1;nom
intolerável;1;adj
intocável;1;adj
intimidar;1;ver
interrogar;1;ver
intermédio;1;nom
intermediar;1;ver
interlocutor;1;nom
interino;1;adj
interferência;1;nom
interessar;1;ver
interditar;1;ver
interceptação;1;nom
intensivo;1;adj
intensidade;1;nom
intencional;1;adj
integridade;1;nom
integrar;1;ver
intacto;1;adj
insônia;1;nom
insustentável;1;adj
insuspeitável;1;nr
insuportável;1;adj
insumo;1;nom
instituir;1;ver
institucionalizar;1;ver
instauração;1;nom
instaurar;1;ver
instabilidade;1;nom
inss;1;nr
inspeção;1;nom
inspecionasse;1;nr
insinuação;1;nom
insinuar;1;ver
insider;1;nr
inscrito;1;adj
insatisfação;1;nom
inovação;1;nom
inovador;1;adj
inocência;1;nom
inocentaria;1;nr
injustiçado;1;adj
injustiça;1;nom
injuriar;1;ver
injetar;1;ver
inimaginável;1;adj
iniciado;1;adj
ingrediente;1;nom
ingrato;1;adj
infância;1;nom
infromou;1;nr
infringir;1;ver
infra_estrutura;1;nr
informe;1;nom
informal;1;adj
inflação;1;nom
inflar;1;ver
inflamação;1;nom
infiel;1;nom
infertilidade;1;nom
infernizar;1;ver
infecção;1;nom
infectar;1;ver
infantil;1;adj
inexistir;1;ver
inesperado;1;adj
inescrupuloso;1;adj
inelegível;1;adj
ineficaz;1;adj
indício;1;nom
induzir;1;ver
industrial;1;adj
individual;1;adj
indicaçõezinhas;1;nr
indicativo;1;adj
indesejável;1;adj
indeferir;1;ver
incêndio;1;nom
incumbência;1;nom
inculpações;1;nr
incrementar;1;ver
incorporar;1;ver
inconstante;1;adj
incondicional;1;adj
incompreensível;1;adj
incluia;1;nr
inchaço;1;nom
incapacidade;1;nom
incalculável;1;adj
inc;1;nr
inapropriado;1;adj
inafiançável;1;adj
inadmissível;1;adj
inacabável;1;adj
inabilitação;1;nom
in_ryong;1;nr
imunidade;1;nom
impune;1;adj
impresso;1;adj
impotente;1;adj
implodirá;1;nr
implodir;1;nr
imperialismo;1;nom
impedi_los;1;nr
impeachmado;1;nr
impeachmada;1;nr
imparcialidade;1;nom
iml;1;nr
imbecil;1;adj
imaginação;1;nom
ilustre;1;adj
iluminado;1;adj
ilegalidade;1;nom
il_sung;1;nr
iguaçu;1;nom
idéia;1;nom
idoneidade;1;nom
idlib;1;nr
idiota;1;adj
ibk;1;nr
hóspede;1;nom
hábito;1;nom
hussein;1;nom
humorista;1;nom
humilde;1;adj
humanidade;1;nom
hugh;1;nr
hr;1;nr
hospitalizar;1;ver
hospedagem;1;nom
hortifruti;1;nr
horroroso;1;adj
horror;1;nom
horrendo;1;adj
horario;1;nr
homs;1;nr
homologação;1;nom
hollywood;1;nom
hoffman;1;nom
historiar;1;ver
histeria;1;nom
hipotético;1;adj
hilberto;1;nr
higiênico;1;adj
higiene;1;nom
highway;1;nr
high;1;nr
hierarquia;1;nom
hidrocarboneto;1;nom
hesitar;1;ver
herói;1;nom
hemorrágico;1;adj
hemodinamicanente;1;nr
helicoidal;1;adj
hebreu;1;adj
hebraico;1;adj
hawkeye;1;nr
hawaii;1;nom
havido;1;adj
havaii;1;nr
hassan;1;nr
hashtag;1;nr
harald;1;nr
hand;1;nr
habitual;1;adj
habitacional;1;adj
habilitação;1;nom
habilitar;1;ver
gângster;1;nom
gutierrez;1;nom
gustavo;1;nom
gurgel;1;nom
guimarães;1;nom
guilherme;1;nom
guiar;1;ver
guerrilheiro;1;nom
guerrear;1;ver
guedes;1;nom
guam;1;nr
grã_bretanha;1;nr
grubisich;1;nr
growler;1;nr
grotesco;1;adj
grillo;1;nom
greenfield;1;nr
graziotin;1;nr
gravitar;1;ver
grato;1;adj
gratificar;1;ver
grassley;1;nr
granada;1;nom
gozar;1;ver
gota;1;nom
gosto;1;nom
gorjeta;1;nom
gorbachev;1;nr
golfe;1;nom
golaço;1;nom
glória;1;nom
glock;1;nr
glo;1;nr
gleisi;1;nr
giovannetti;1;nr
giornale;1;nr
gigabyte;1;nom
ggg;1;nr
getulio;1;nom
gerência;1;nom
gentileza;1;nom
gelo;1;nom
gbu_43b;1;nr
gastança;1;nr
garrafa;1;nom
gargalhada;1;nom
garantido;1;adj
garagem;1;nom
gao;1;nr
ganho;1;nom
gangue;1;nom
galho;1;nom
galhardo;1;nom
gaiola;1;nom
gafe;1;nom
féria;1;nom
fuzilamento;1;nom
futebol;1;nom
fusão;1;nom
furto;1;nom
furado;1;adj
funcionária;1;nom
funcionamento;1;nom
funcional;1;adj
fumar;1;ver
fretar;1;ver
freqüência;1;nom
freqüentemente;1;nr
frequente;1;adj
frequentar;1;ver
freelancer;1;nr
frasco;1;nom
frants;1;nr
franco;1;adj
fracassar;1;ver
foz;1;nom
fotografar;1;ver
forças_armadas;1;nr
fortaleza;1;nom
fortalecimento;1;nom
fortalecer;1;ver
fornés_bonavía;1;nr
fornecimento;1;nom
formação;1;nom
formalizar;1;ver
forbes;1;nr
foods;1;nr
fonseca;1;nom
fome;1;nom
fogueira;1;nom
fofoca;1;nom
focar;1;ver
foal;1;nr
flórida;1;nom
fluxo;1;nom
florianópolis;1;nom
flor;1;nom
fixo;1;adj
fixar;1;ver
fita;1;nom
fiscalizar;1;ver
finança;1;nom
financial;1;adj
finalidade;1;nom
filosofar;1;ver
filiar;1;ver
filiado;1;adj
fiel;1;adj
fiec;1;nr
ficha;1;nom
ferver;1;ver
ferramenta;1;nom
ferrado;1;adj
fernandinho;1;nr
ferimento;1;nom
ferida;1;nom
feriado;1;nom
feliz;1;adj
felipe;1;nom
feio;1;adj
federativo;1;adj
fechamento;1;nom
fazê_lo;1;nr
favorável;1;adj
favorito;1;adj
fava;1;nom
fausto;1;adj
faturar;1;ver
fatiar;1;ver
fatiamento;1;nr
fatia;1;nom
fascista;1;adj
fascinar;1;ver
fartura;1;nom
farto;1;adj
farra;1;nom
farpa;1;nom
farmácia;1;nom
fantoche;1;nom
fantasma;1;nom
fama;1;nom
falência;1;nom
falsificação;1;nom
falir;1;ver
falecer;1;ver
fachada;1;nom
f_35b;1;nr
f_18;1;nr
f_16;1;nr
extração;1;nom
extraterrestre;1;nom
extraordinário;1;adj
extradição;1;nom
extra_sensoriais;1;nr
extra;1;adj
externo;1;adj
externa;1;adj
exterminar;1;ver
expurgar;1;ver
express;1;nom
exposição;1;nom
explicação;1;nom
expiatório;1;adj
exonerar;1;ver
exitar;1;ver
exibição;1;nom
exemplificar;1;ver
execução;1;nom
excluir;1;ver
excessivo;1;adj
excelente;1;adj
examinar;1;ver
exagerar;1;ver
exagerado;1;adj
ex_zelador;1;nr
ex_senador;1;nr
ex_presidiário;1;nr
ex_prefeito;1;nr
ex_parceiro;1;nr
ex_paraquedista;1;nr
ex_oficial;1;nr
ex_moradores;1;nr
ex_membro;1;nr
ex_maridão;1;nr
ex_líder;1;nr
ex_guerrilheiro;1;nr
ex_governo;1;nr
ex_governadores;1;nr
ex_esposa;1;nr
ex_dirigente;1;nr
ex_diplomata;1;nr
ex_delegado;1;nr
ex_colega;1;nr
ex_chefões;1;nr
ex_chefe;1;nr
ex_cabo;1;nr
ex_bbb;1;nr
ex_analista;1;nr
ex_advogado;1;nr
ex_;1;nr
ex3;1;nr
everardo;1;nr
evasão;1;nom
evacuação;1;nom
eternização;1;nr
estável;1;adj
estátua;1;nom
estudante;1;nom
estrondoso;1;adj
estrela;1;nom
estreitar;1;ver
estrangular;1;ver
estoril;1;nr
estilista;1;nom
estilingue;1;nom
esterilização;1;nom
estendido;1;adj
estelionato;1;nom
estatística;1;nom
estancar;1;ver
estampar;1;ver
estabelecimento;1;nom
esquizofrenia;1;nom
esquisitão;1;adj
esquecimento;1;nom
esportivo;1;adj
espontâneo;1;adj
espião;1;nom
espiritual;1;adj
espirital;1;nr
espiral;1;nom
espionar;1;ver
espinha;1;nom
espetáculo;1;nom
espetacular;1;adj
esperto;1;adj
esperado;1;adj
especular;1;ver
espectro;1;nom
espectador;1;nom
espantoso;1;adj
espanhol;1;adj
espacial;1;adj
esmagador;1;adj
esgotado;1;adj
esforço;1;nom
esfera;1;nom
escutar;1;ver
escuta;1;nom
escultura;1;nom
esculhambar;1;ver
escudeiro;1;nom
escrivaninha;1;nom
escritório;1;nom
escrevente;1;nom
escravo;1;nom
escravagista;1;nr
escosteguy;1;nr
esconderijo;1;nom
escolhido;1;adj
escobar;1;nom
esclarecimento;1;nom
esclarecido;1;adj
esclarecer_se;1;nr
escapulir;1;ver
escandalização;1;nr
escancarar;1;ver
escancarado;1;adj
esbarrar;1;ver
erna;1;nr
equívoco;1;nom
equivocar;1;ver
equipado;1;adj
equador;1;nom
enérgico;1;adj
enxugar;1;ver
envergonhar;1;ver
envenenar;1;ver
envenenamento;1;nom
envenenado;1;adj
entrevistado;1;nom
entregador;1;nom
entidade;1;nom
entertainment;1;nr
entendimento;1;nom
entenda_se;1;nr
ensaiar;1;ver
enriquecimento;1;nom
enraizado;1;adj
enquete;1;nom
enquadrar;1;ver
enorme;1;adj
enlouquecer;1;ver
enigma;1;nom
engraçado;1;adj
engravatar;1;ver
engavetador;1;nr
engano;1;nom
enfraquecer;1;ver
energético;1;adj
endereço;1;nom
encurtar;1;ver
encrenca;1;nom
encontrado;1;adj
encontra_se;1;nr
encher;1;ver
encerramento;1;nom
encarregar;1;ver
encarnação;1;nom
encarcerar;1;ver
encarar;1;ver
encaixar;1;ver
empurra;1;nom
empregado;1;nom
empolgar;1;ver
emplacar;1;ver
empenho;1;nom
empenhado;1;adj
empacotador;1;nom
emilio;1;nom
emendar;1;ver
embolsar;1;ver
embargo;1;nom
embaraçoso;1;adj
embaraçar;1;ver
embalar;1;ver
emails;1;nr
elétrico;1;adj
eloísa;1;nom
elo;1;nom
elias;1;nom
eliane;1;nom
eletivo;1;adj
elemento;1;nom
eldorado;1;nom
ejetar;1;ver
ego;1;nom
egito;1;nom
egalmente;1;nr
eficaz;1;adj
efetivo;1;adj
editar;1;ver
edison;1;nom
ecumênico;1;adj
economy;1;nr
economizar;1;ver
ecoar;1;ver
eagle;1;nr
ea_18g;1;nr
e_mails;1;nr
e_mail;1;nr
e_2c;1;nr
díficil;1;nr
déspota;1;nom
déficit;1;nom
débil;1;adj
dávila;1;nr
dw;1;nr
dvd;1;nr
duração;1;nom
duradouro;1;adj
dupla;1;nom
duna;1;nom
drástico;1;adj
dra;1;nr
doutrinadas;1;nr
doutrina;1;nom
douglas;1;nom
dorsal;1;adj
dor;1;nom
donaldo;1;nom
doentio;1;adj
documento_estratégia;1;nr
documental;1;adj
dmitry;1;nr
divisão;1;nom
divisa;1;nom
divino;1;adj
divertir;1;ver
divergir;1;ver
distorção;1;nom
distinguir;1;ver
distanciar;1;ver
dissolvido;1;adj
dissolução;1;nom
disseminar;1;ver
disputado;1;adj
dispor;1;ver
disponibilizar;1;ver
disk_comida;1;nr
disfarçado;1;adj
disenteria;1;nom
discutir;1;ver
discordar;1;ver
discernimento;1;nom
discar;1;ver
dirigindo_se;1;nr
dinossauro;1;nom
dimitrova;1;nr
dilmistas;1;nr
digitação;1;nom
difusor;1;nom
diferenciar;1;ver
diferenciado;1;adj
difamação;1;nom
diesel;1;nom
didático;1;adj
diarreia;1;nom
dianteiro;1;adj
diamante;1;nom
dialogar;1;ver
devastação;1;nom
devastar;1;ver
devastado;1;adj
devassar;1;ver
deutsche;1;nr
detonação;1;nom
detetor;1;nr
desvendar;1;ver
desvastadoras;1;nr
desumano;1;adj
destruiur;1;nr
destruiremos;1;nr
destituição;1;nom
destinatário;1;nom
destilação;1;nom
destempero;1;nom
destemor;1;nom
destacamento;1;nom
desqualificar;1;ver
despudor;1;nom
desproporcional;1;adj
desprezo;1;nom
despontar;1;ver
despolitizado;1;nr
despojo;1;nom
despacho;1;nom
desonroso;1;adj
desonestidade;1;nom
desonerou;1;nr
desocupado;1;adj
desnuclearização;1;nr
desmonte;1;nom
desmistificar;1;ver
desmiolado;1;adj
desmedido;1;adj
desmandar;1;ver
desmaio;1;nom
deslumbrado;1;adj
desleal;1;adj
desistir;1;ver
desintegrar;1;ver
desgrudam;1;nr
desgraça;1;nom
desgovernar;1;ver
desfrutar;1;ver
desfilar;1;ver
desfigurar;1;ver
desestabilizar;1;ver
desestabilizador;1;adj
desertar;1;ver
desequilíbrio;1;nom
desenvoltura;1;nom
desentendimento;1;nom
desentender;1;ver
desenfreado;1;adj
desdém;1;nom
desdobramento;1;nom
descumprimento;1;nom
descrédito;1;nom
descontrolo;1;nom
descontrolado;1;adj
descontentamento;1;nom
desconhecer;1;ver
desconfortável;1;adj
desconfiar;1;ver
desconfiança;1;nom
descoberta;1;nom
descer;1;ver
descender;1;ver
descaso;1;nom
descaramento;1;nom
descarado;1;adj
descambar;1;ver
desavergonhadamente;1;nr
desastroso;1;adj
desaparecer;1;ver
desagradável;1;adj
desafio;1;nom
desafiador;1;adj
desacerto;1;nom
desacatar;1;ver
desacatando;1;nr
desabastecimento;1;nom
derrubá_lo;1;nr
derrotar;1;ver
derrota;1;nom
derreter;1;ver
depósito;1;nom
depressão;1;nom
depredação;1;nom
depredar;1;ver
depositar;1;ver
dentário;1;adj
densidade;1;nom
denegrir;1;ver
demoralizar;1;nr
demonstração;1;nom
demente;1;nom
demasia;1;nom
demandar;1;ver
dem_rj;1;nr
dem_ba;1;nr
delivery;1;nr
delituoso;1;adj
delirar;1;ver
deliram;1;nr
delinquente;1;nom
delicado;1;adj
deleção;1;nr
deletério;1;adj
deletar;1;nr
deixou_nos;1;nr
degaste;1;nr
defumar;1;ver
definição;1;nom
definir;1;ver
deficiência;1;nom
deferir;1;ver
defendê_la;1;nr
defeito;1;nom
dedicar;1;ver
decreto;1;nom
decoro;1;nom
decomposição;1;nom
decisor;1;nom
decente;1;adj
decapitação;1;nom
decadência;1;nom
debochado;1;adj
debandada;1;nom
datar;1;ver
daniela;1;nom
danar;1;ver
dan;1;nr
damasceno;1;nom
dailymail;1;nr
dag;1;nr
cúmulo;1;nom
cópia;1;nom
círculo;1;nom
cérebro;1;nom
câmbio;1;nom
cálculo;1;nom
cx2;1;nr
cvn_76;1;nr
cvn_68;1;nr
cvn;1;nr
cutucar;1;ver
cut;1;nr
custodiar;1;ver
cusiosidade;1;nr
cumprimentá_lo;1;nr
cumprimento;1;nom
cumplicidade;1;nom
culto;1;adj
cuidadoso;1;adj
cui;1;nr
cubano_americanos;1;nr
cubaarchive;1;nr
ctb;1;nr
créccréc;1;nr
cruzeiro;1;nom
cruzador;1;nom
cruzada;1;nom
cronología;1;nr
cristovam;1;nr
cristalino;1;adj
crispiniano;1;nom
criptográfico;1;adj
criatividade;1;nom
crescente;1;adj
crer;1;ver
credibilidade;1;nom
cravar;1;ver
craig;1;nr
cp;1;nr
cotejar;1;ver
costumeiro;1;adj
costume;1;nom
costeiro;1;adj
cosentino;1;nr
cortado;1;adj
corroído;1;adj
corroer;1;ver
corriqueiro;1;adj
corretíssima;1;nr
corregedor;1;nom
coro;1;nom
coordenar;1;ver
coordenado;1;adj
cooperativa;1;nom
cooperante;1;adj
coodenador;1;nr
convicção;1;nom
convencido;1;adj
contribuição;1;nom
contribuir;1;ver
contratação;1;nom
contratante;1;adj
contratado;1;adj
contrariado;1;adj
contrair;1;ver
contradição;1;nom
contra_cheque;1;nr
conto;1;nom
continência;1;nom
continuidade;1;nom
conteúdo;1;nom
contexto;1;nom
contentar;1;ver
contatar;1;ver
contaminado;1;adj
contagiante;1;adj
contag;1;nr
consórcio;1;nom
consumido;1;adj
consultar;1;ver
consulta;1;nom
constituir;1;ver
constatar;1;ver
conspirador;1;nom
consistir;1;ver
considerável;1;adj
considerávamos;1;nr
conservador;1;adj
consequente;1;adj
consentimento;1;nom
conseguinte;1;adj
consegua;1;nr
consea;1;nr
conquistar;1;ver
conluio;1;nom
conjuntura;1;nom
conivente;1;adj
conhecendo_o;1;nr
congressista;1;nom
confortável;1;adj
conformes;1;nom
confiável;1;adj
configurar;1;ver
confiante;1;adj
conferences;1;nr
confederação;1;nom
condução;1;nom
condescendente;1;adj
concursados;1;nr
concorrente;1;nom
conclamar;1;ver
concessão;1;nom
concessionário;1;nom
comê_los;1;nr
comércio;1;nom
comunismo;1;nom
comprovação;1;nom
comprometedor;1;adj
complô;1;nom
compilar;1;ver
competência;1;nom
competir;1;ver
compensar;1;ver
compartimento;1;nom
compartilhar;1;ver
comparsa;1;nom
comparação;1;nom
comovido;1;adj
comitê;1;nom
comitiva;1;nom
começo;1;nom
comes;1;nom
comercial;1;adj
comediante;1;nom
combinado;1;adj
colonização;1;nom
colisão;1;nom
colhido;1;adj
coleção;1;nom
colegiado;1;adj
colecionar;1;ver
colchão;1;nom
colação;1;nom
cola;1;nom
coitadismo;1;nr
coincidência;1;nom
coelho;1;nom
codinome;1;nom
cocô;1;nom
coco;1;nom
coceira;1;nom
coação;1;nom
cláusula;1;nom
climático;1;adj
clica;1;nr
clemência;1;nom
claúdio;1;nr
classificado;1;adj
clareza;1;nom
clairmont;1;nr
ciático;1;adj
civilização;1;nom
city;1;nom
citação;1;nom
cirurgião;1;nom
cingapura;1;nom
cinefoto;1;nr
cilada;1;nom
científico;1;adj
ciclo;1;nom
cibernético;1;adj
chuveiro;1;nom
chutar;1;ver
churrasco;1;nom
chupeta;1;nom
chris;1;nr
chosun;1;nr
chocolate;1;nom
choco;1;adj
chocar;1;ver
chip;1;nom
chefiar;1;ver
charles;1;nom
chapuletada;1;nr
chape;1;nom
chantagista;1;nom
chamá_los;1;nr
chama;1;nom
chalita;1;nr
chaga;1;nom
chade;1;nr
cf;1;nr
cessão;1;nom
certeiro;1;adj
cerimônia;1;nom
cerebral;1;adj
cercarmos;1;nr
centro_oeste;1;nr
centrar;1;ver
celulose;1;nom
celebes;1;nr
cela;1;nom
cego;1;adj
cef;1;nr
cecília;1;nom
ceará;1;nom
caçula;1;adj
caçar;1;ver
caxa;1;nr
cauteloso;1;adj
cautela;1;nom
causador;1;nom
católico;1;adj
catedral;1;nom
catarinense;1;adj
catarina;1;nom
catar;1;nom
casualidade;1;nom
cassete;1;nom
cassavam;1;nr
casco;1;nom
casar;1;ver
cartada;1;nom
carregador;1;nom
carregado;1;adj
caroço;1;nom
carona;1;nom
carmen;1;nr
carma;1;nr
carital;1;nr
carioca;1;adj
cardíaco;1;adj
carcaça;1;nom
caram;1;nr
característico;1;adj
característica;1;nom
caracterizar;1;ver
caracas;1;nom
caput;1;nom
caprichar;1;ver
capivara;1;nom
capitólio;1;nom
capitão;1;nom
capitar;1;ver
capanga;1;nom
capa;1;nom
canivete;1;nom
canibal;1;nom
caneta;1;nom
candidatura;1;nom
camboja;1;nom
camareira;1;nom
calúnia;1;nom
calunioso;1;adj
caloteirovagabundo;1;nr
caloteiro;1;nom
calota;1;nom
calmon;1;nom
calmo;1;adj
calma;1;adj
california;1;nr
califado;1;nom
calcado;1;adj
calamitoso;1;adj
calamidade;1;nom
caixa_preta;1;nr
caixa2;1;nr
caipira;1;nom
cagão;1;nom
caerca;1;nr
cae;1;nr
cade;1;nr
ca;1;nr
bíblia;1;nom
bérgamo;1;nr
básico;1;adj
burrice;1;nom
burburinho;1;nom
bull;1;nom
bulgaria;1;nr
bugalho;1;nom
buarque;1;nom
brunoni;1;nr
brunei;1;nr
brown;1;nom
brother;1;nr
bronca;1;nom
brinquedo;1;nom
braskem;1;nr
brasiliense;1;nom
brando;1;adj
braga;1;nom
bradesco;1;nom
bradar;1;ver
botão;1;nom
boteco;1;nom
bote;1;nom
borracha;1;nom
boris;1;nom
bordão;1;nom
bordel;1;nom
bonner;1;nr
bonini;1;nr
bondoso;1;adj
bondade;1;nom
bombástico;1;adj
bombardeá_lo;1;nr
bombando;1;nr
bomb;1;nr
bolsa_auxílio;1;nr
bolo;1;nom
boliviano;1;adj
boeing;1;nom
bode;1;nom
bobo;1;adj
boato;1;nom
boate;1;nom
blocs;1;nr
blitz;1;nom
blindagem;1;nom
blindado;1;adj
blefado;1;nr
blast;1;nr
blairo;1;nr
black;1;nr
bittar;1;nr
biométrico;1;adj
bimotor;1;adj
bill;1;nom
bijuteria;1;nom
big;1;nom
bicileta;1;nr
bicho;1;nom
bial;1;nr
bertrand;1;nom
berrar;1;ver
bermudez;1;nr
benção;1;nom
benevenuto;1;nr
bem_estar;1;nr
belchior;1;nom
beira_mar;1;nr
bebes;1;nom
beatles;1;nr
bbc;1;nr
bbb;1;nr
batida;1;nom
baseiam_se;1;nr
barron;1;nr
barro;1;nom
barriga;1;nom
barrar;1;ver
barbalho;1;nom
bank;1;nr
banho;1;nom
bangladesh;1;nom
bandnews;1;nr
banda;1;nom
band;1;nr
bancoop;1;nr
bancarrota;1;nom
bambu;1;nom
ballistic;1;nr
balcão;1;nom
balanço;1;nom
baita;1;adj
bagatela;1;nom
baderneiro;1;adj
baderna;1;nom
bacelar;1;ver
bacalhau;1;nom
baboseira;1;nom
babar;1;ver
ba;1;nr
b_52;1;nr
azteca;1;nr
azevedo;1;nom
avistar;1;ver
avigdor;1;nr
avesso;1;adj
aversão;1;nom
aventura;1;nom
ave;1;nom
avc;1;nr
avalanche;1;nom
auxílio;1;nom
autópsia;1;nom
autuar;1;ver
automobilístico;1;adj
autointitulando;1;nr
autointitula;1;nr
autodeclara;1;nr
auto_defesa;1;nr
autenticidade;1;nom
australian;1;nr
aud;1;nr
au;1;nr
atômico;1;adj
atualização;1;nom
atração;1;nom
atormentar;1;ver
atingí_lo;1;nr
ateu;1;adj
aterrissar;1;ver
atenuar;1;ver
atendar;1;ver
atar;1;ver
atacá_la;1;nr
atacante;1;nom
astúcia;1;nom
astra;1;nr
assíduo;1;adj
assédio;1;nom
assustador;1;adj
assombração;1;nom
assolar;1;ver
assinalar;1;ver
assinado;1;adj
assessorar;1;ver
assertiva;1;nom
assediar;1;ver
assalto;1;nom
aspecto;1;nom
asmaislidas2017;1;nr
asmaislidas;1;nr
asilar;1;ver
asfixiar;1;ver
asfixia;1;nom
ascórbico;1;adj
arábia;1;nom
arts;1;nr
artista;1;nom
articulação;1;nom
artefato;1;nom
arte;1;nom
art;1;nr
arruinar;1;ver
arruaceiro;1;nom
arrepiante;1;adj
arrendatário;1;nom
arrematar;1;ver
arrego;1;nr
arrecadador;1;nom
arrastão;1;nom
arrasado;1;adj
arquivo_x;1;nr
arquidiocese;1;nom
armscontrolwonk;1;nr
arlindo;1;nom
arizona;1;nom
argentino;1;nom
area;1;nr
arcar;1;ver
arbitrariedade;1;nom
aquietar;1;ver
aptar;1;ver
aproveitar;1;ver
aprofundamento;1;nom
apresentado;1;adj
apresenta_se;1;nr
apotando;1;nr
apostar;1;ver
aposta;1;nom
apoderamento;1;nr
apocalíptico;1;adj
apertar;1;ver
apertado;1;adj
aperfeiçoamento;1;nom
apelido;1;nom
apelidar;1;ver
apelação;1;nom
aparência;1;nom
aparato;1;nom
apanhar;1;ver
apadrinhado;1;adj
ap;1;nr
anúncio;1;nom
anulação;1;nom
anulado;1;adj
antiético;1;adj
antitruste;1;adj
anticorrupção;1;nom
anticomunista;1;adj
anti_submarinas;1;nr
anti_petistas;1;nr
anti_navio;1;nr
anti_misseis;1;nr
anti_balísticos;1;nr
antecipar;1;ver
antecessor;1;nom
anotação;1;nom
anotar;1;ver
aniquilado;1;adj
animal;1;nom
angústia;1;nom
angu;1;nom
angra;1;nom
angariar;1;ver
anfitrião;1;nom
anexo;1;nom
anexar;1;ver
and;1;nr
ancelmo;1;nr
anastasia;1;nr
analysis;1;nr
analfabeto;1;adj
ana;1;nom
amplo;1;adj
amostragem;1;nom
amoroso;1;adj
american;1;nr
america;1;nr
ambição;1;nom
ambicioso;1;adj
amargure;1;nr
amargará;1;nr
amargar;1;ver
amarelado;1;adj
alô;1;nom
alugado;1;adj
alternativa;1;nom
alteração;1;nom
alterado;1;adj
alongar;1;ver
alojar;1;ver
almirante;1;nom
almeida;1;nom
allsource;1;nr
alinharam_se;1;nr
alinhar;1;ver
aline;1;nom
alimentício;1;adj
alienígena;1;nom
aliar;1;ver
alho;1;nom
algua;1;nr
algema;1;nom
alfinetar;1;ver
alex;1;nom
alertando_o;1;nr
aldo;1;nom
aldemário;1;nr
alcelmo;1;nr
alcançar;1;ver
alaska;1;nom
alarde;1;nom
alagoas;1;nom
ak_47;1;nr
ajuste;1;nom
ajufesp;1;nr
ajoelhar;1;ver
air;1;nr
ahhho;1;nr
ahhhme;1;nr
aguçar;1;ver
agropecuaristas;1;nr
agressor;1;nom
agremiação;1;nom
agregar;1;ver
agredi_la;1;nr
agradocifrão;1;nr
agonizante;1;nom
aglomerar;1;ver
agitado;1;adj
agency;1;nr
afundado;1;adj
afogar;1;ver
afim;1;adj
aferir;1;ver
afastamento;1;nom
aeroespacial;1;adj
advocacia;1;nom
adulteração;1;nom
adotado;1;adj
adorar;1;ver
admissão;1;nom
admiração;1;nom
admirar;1;ver
administrar;1;ver
administrador;1;nom
adivinhar;1;ver
aderir;1;ver
adepto;1;nom
adaptação;1;nom
acúmulo;1;nom
acusam_nos;1;nr
acusador;1;nom
acuar;1;ver
acre;1;nom
acovardadoum;1;nr
acovardadatemos;1;nr
acovardadas;1;nr
acompanhamento;1;nom
acomodado;1;adj
acolhimento;1;nom
acolher;1;ver
acionar;1;ver
acimar;1;ver
achismos;1;nr
acessório;1;nom
acessível;1;adj
acertar;1;ver
acertado;1;adj
accioly;1;nr
acarretar;1;ver
acampar;1;ver
acalorado;1;adj
acadêmico;1;adj
ac;1;nr
abster;1;ver
absolvição;1;nom
abrangente;1;adj
abordagem;1;nom
abominação;1;nom
abobalhadas;1;nr
abismo;1;nom
aberração;1;nom
abençoar;1;ver
abatido;1;adj
abastecimento;1;nom
abandonado;1;adj
a_18f;1;nr
a_18e;1;nr
_44;1;nr
9o;1;nr
80km;1;nr
7a;1;nr
55km;1;nr
45o;1;nr
44o;1;nr
43am;1;nr
3o;1;nr
39a;1;nr
30a;1;nr
22h20;1;nr
1o;1;nr
19h30;1;nr
17h;1;nr
164_a;1;nr
14a;1;nr
12h03;1;nr
12a;1;nr
120kg;1;nr
10a;1;nr
000km;1;nr