dizer;422;187;324;219;406;257;278
estar;633;129;211;308;190;225;245
presidente;203;132;303;134;148;298;246
lula;158;267;86;33;527;94;1
afirmar;120;105;173;97;254;136;186
ano;210;143;87;212;99;95;89
governo;167;26;78;169;74;282;133
michel_temer;96;55;333;82;62;241;5
país;186;23;58;237;44;73;253
público;112;125;171;144;121;56;6
federal;60;152;251;48;122;73;2
ministro;66;228;207;41;39;93;20
ex_presidente;44;148;91;9;328;51;10
brasil;173;29;37;242;53;74;24
lava_jato;54;138;250;23;157;19;0
dia;168;128;68;46;41;81;74
caso;85;184;80;87;75;57;34
pessoa;241;47;57;90;53;42;30
stf;19;217;199;10;9;30;0
rcifrão;17;19;56;73;313;20;1
mesmo;146;66;56;90;73;81;50
processo;44;258;65;47;96;41;2
coreia;3;0;1;9;0;1;490
ver;160;46;91;75;63;55;61
defesa;35;182;98;16;138;17;65
novo;92;43;75;85;63;69;105
acordo;44;37;131;70;139;26;81
dar;174;47;56;55;73;68;42
pedir;46;99;129;22;100;38;48
ministério;52;78;161;63;92;30;25
operação;34;62;215;41;128;12;15
empresa;41;6;63;122;234;12;8
político;94;60;75;102;73;72;13
decisão;41;231;62;46;36;40;35
odebrecht;5;16;38;28;356;7;0
dever;108;80;52;66;32;93;56
norte;11;2;7;15;3;1;435
justiça;44;149;153;27;67;34;0
deputado;19;55;122;12;17;215;0
delação;7;37;259;6;128;13;0
ação;53;100;44;52;62;27;87
trump;50;0;1;21;0;11;341
querer;186;31;39;21;44;64;30
dinheiro;38;77;79;32;186;6;1
juiz;38;219;37;5;97;19;0
joesley;37;5;253;12;76;5;0
receber;37;37;48;39;217;30;8
república;47;55;204;28;46;33;5
paulo;88;38;42;36;124;59;0
corrupção;66;101;94;37;58;26;0
senador;25;44;173;2;43;85;5
dilma;67;45;68;20;141;34;0
partido;56;19;28;26;55;170;7
investigação;30;37;204;25;71;9;8
ficar;143;34;33;47;56;43;15
falar;142;28;48;35;49;41;24
brasileiro;102;9;31;163;23;32;7
eua;20;2;2;31;3;3;305
saber;145;21;38;28;72;37;11
relação;46;41;40;50;78;37;79
lei;56;82;29;71;25;68;7
política;115;17;13;101;12;58;43
vez;103;44;31;51;41;38;61
câmara;8;39;97;15;13;188;3
só;133;44;40;58;31;31;23
grupo;60;9;70;37;90;34;37
pt;68;36;19;18;114;80;1
sérgio_moro;16;166;27;6;125;10;0
crime;37;125;100;21;34;13;3
aécio;49;15;169;1;28;34;0
propina;3;8;45;4;288;2;0
unido;28;5;2;29;22;6;246
momento;94;18;38;57;34;61;38
contar;79;24;32;37;122;22;15
americano;28;3;1;27;15;2;257
segurança;77;18;23;57;10;38;88
advogado;13;111;83;8;105;9;0
polícia;57;18;154;23;37;11;0
porcento;12;2;4;163;33;23;16
depoimento;7;53;61;4;198;2;0
meio;45;29;43;74;78;24;29
fato;58;78;52;42;50;21;18
prisão;10;182;78;9;22;7;3
militar;70;7;5;12;3;13;170
reforma;20;2;5;31;60;173;4
passar;103;26;32;74;29;48;8
empresário;24;12;131;23;111;11;1
deixar;92;34;38;34;23;51;44
chegar;100;20;41;32;47;31;36
pedido;10;116;80;9;72;15;0
grande;103;14;19;69;26;33;41
nuclear;4;0;0;1;1;0;267
direito;117;42;17;48;15;30;16
míssil;1;0;0;1;0;1;271
nacional;46;9;47;70;20;59;23
maior;48;13;19;112;35;13;29
último;47;37;39;44;27;38;63
nota;12;31;133;16;65;13;5
jbs;4;4;165;25;75;8;0
vir;81;27;33;33;39;36;32
forma;78;33;21;55;46;22;33
recurso;19;101;7;44;78;17;7
rio;99;34;24;21;26;55;0
denúncia;9;53;98;9;70;25;2
campanha;31;17;14;32;127;30;10
pagar;19;9;31;42;150;2;6
casa;59;17;42;28;30;52;34
defender;49;34;40;34;16;64;26
precisar;99;9;15;64;10;42;21
valor;17;9;6;43;171;6;5
mês;36;69;23;40;19;30;25
levar;57;47;30;27;28;23;41
apresentar;24;89;33;19;49;31;10
semana;32;24;48;31;14;49;54
prova;9;81;43;3;85;4;14
pagamento;3;10;36;17;177;3;0
econômico;24;9;7;117;27;27;32
próprio;42;57;33;26;39;30;21
medida;31;22;28;48;21;52;32
conversa;31;4;115;12;34;16;22
bem;88;21;21;40;36;14;17
sul;24;6;13;19;9;3;151
sírio;1;0;0;2;0;0;188
projeto;22;24;7;41;26;97;9
mundo;75;5;10;48;10;12;79
passado;32;30;43;53;18;34;34
informar;13;17;71;25;48;12;45
autoridade;30;50;37;13;46;25;27
ataque;17;5;5;1;1;4;189
crise;39;4;6;111;4;23;34
eleição;34;17;6;12;11;135;7
tempo;83;18;11;45;20;27;26
gente;136;3;7;24;13;23;2
conseguir;77;9;23;28;30;22;33
relator;3;114;63;5;13;25;0
informação;26;26;75;20;57;4;10
eleitoral;18;52;15;24;50;48;5
cunha;6;15;146;2;27;11;0
coisa;148;11;6;14;12;16;9
voto;15;74;22;14;12;79;0
base;25;21;25;21;14;37;78
acontecer;80;12;8;32;11;35;32
preso;15;53;110;8;25;8;0
apartamento;4;4;6;1;192;1;0
manter;27;49;34;23;35;25;22
líder;37;8;16;9;3;53;94
força;58;8;10;18;4;25;80
marcelo;18;24;16;4;138;5;0
continuar;56;12;29;37;18;18;47
social;98;4;11;64;5;22;2
condenar;10;129;15;4;27;8;20
situação;91;9;14;43;7;23;22
julgamento;24;134;15;13;6;10;0
batista;13;0;157;4;34;2;0
realizar;22;18;16;19;41;12;81
começar;76;28;13;26;15;20;23
candidato;22;6;3;15;16;125;4
cargo;29;50;35;14;15;51;10
pouco;88;9;6;51;9;17;31
tribunal;1;158;21;6;17;4;1
achar;97;5;6;32;9;40;10
final;22;51;34;22;35;24;15
pmdb;11;12;64;7;42;63;0
executivo;9;13;54;20;73;28;6
china;10;0;4;18;1;1;152
senado;11;35;34;4;3;109;1
eduardo;8;17;129;3;38;8;0
tomar;45;31;17;52;9;19;26
ocorrer;40;37;19;16;45;11;27
rodrigo;7;7;106;8;7;61;0
dono;12;5;89;10;82;3;0
considerar;23;44;13;47;23;20;26
congresso;17;8;16;22;5;123;6
questão;52;26;9;26;24;29;28
possível;35;23;23;21;18;28;45
aprovar;15;10;11;16;15;109;11
proposta;11;26;6;24;14;98;10
bom;83;6;8;37;7;28;13
responder;27;27;48;7;27;15;36
presidência;21;28;38;14;27;54;8
colocar;60;9;22;8;25;35;29
sistema;34;7;10;74;18;18;25
pf;16;6;117;6;32;1;1
documento;12;31;38;15;74;7;0
parlamentar;15;40;44;9;8;74;0
divulgar;22;10;88;17;12;12;25
problema;72;6;4;59;4;13;24
arma;19;2;3;12;3;2;131
reunião;18;9;21;18;37;23;47
delator;3;24;50;6;94;3;0
procurador;16;45;52;4;61;1;0
apoio;24;8;16;26;35;35;36
região;43;49;7;32;3;5;35
sair;61;10;13;34;20;32;7
psdb;9;15;33;5;15;93;0
negar;6;42;55;3;49;14;15
petrobras;1;15;15;10;138;1;0
pena;8;114;14;13;13;6;3
instância;6;143;13;1;3;5;2
g1;55;9;43;36;15;17;1
filho;73;16;18;3;40;21;3
ato;35;40;21;3;23;9;8
fachin;0;37;131;1;4;0;0
janot;5;12;142;5;2;2;0
mandato;11;46;54;15;14;26;2
sociedade;94;7;3;43;3;12;1
internacional;20;4;6;40;12;8;76
mpf;1;35;38;2;91;0;0
joão;13;25;10;4;88;21;0
declarar;26;8;18;15;53;19;31
responsável;12;45;21;28;46;11;9
palocci;7;10;11;1;121;3;0
investigar;8;21;98;7;32;2;1
voltar;55;27;8;14;9;35;15
principal;28;11;22;33;13;34;29
ex_ministro;5;19;37;4;96;8;1
condenação;11;121;6;1;11;9;5
cidade;60;10;7;28;7;9;22
acusação;11;31;52;4;56;7;8
janeiro;49;28;19;14;7;35;10
importante;38;8;9;61;3;19;22
regime;12;22;6;13;2;8;104
exemplo;26;12;12;54;18;29;15
próximo;23;17;21;21;8;53;21
acabar;69;12;4;24;17;11;29
área;27;5;3;66;21;15;16
trabalhar;67;8;11;34;14;10;19
ponto;52;18;16;28;11;18;10
votar;13;37;16;4;2;80;4
teste;1;1;0;2;0;1;142
existir;36;11;12;49;17;21;11
entrevista;35;9;41;15;9;39;13
programa;26;1;3;34;9;15;70
criar;39;4;6;50;18;16;16
serviço;22;5;10;52;43;5;15
citar;22;23;37;18;35;13;11
tratar;23;20;15;9;50;24;16
kim;1;0;0;0;0;0;153
partir;22;11;39;29;31;7;18
número;25;4;11;57;15;10;10
mostrar;41;7;15;31;23;14;24
melhor;61;7;6;43;5;20;18
josé;18;32;26;7;57;15;0
esperar;47;13;10;26;12;24;26
parecer;46;12;12;18;5;34;28
ordem;37;27;18;14;8;13;30
contrato;5;5;3;9;129;1;0
conselho;8;20;14;17;19;19;49
brasília;25;13;50;14;15;22;7
assunto;26;17;38;16;29;19;11
oas;2;9;1;0;138;0;0
encontrar;48;4;18;20;39;9;17
claro;54;12;9;29;11;24;15
época;35;13;37;19;36;7;4
usar;46;7;17;14;24;10;32
família;36;11;15;23;55;13;1
entrar;40;16;11;20;15;20;27
participar;27;15;16;4;18;30;18
premiar;1;9;85;2;53;2;0
confirmar;13;32;24;5;46;6;22
atual;22;9;16;26;21;41;17
ameaça;13;9;7;6;5;6;100
inquérito;5;10;105;4;12;1;0
atuar;16;9;41;28;35;7;8
questionar;15;12;38;14;30;27;13
maia;5;5;10;3;0;117;0
hora;59;9;16;15;1;6;31
decidir;14;48;26;9;14;21;12
petista;22;39;4;10;39;26;0
lado;52;4;12;22;7;16;28
governador;11;11;12;17;21;66;4
guerra;23;1;5;9;2;4;99
cumprir;10;38;48;26;4;14;5
envolver;13;24;31;14;43;10;8
criminoso;6;31;78;10;11;4;1
mudança;34;7;5;36;3;42;18
intervenção;37;3;3;17;3;59;7
imóvel;3;0;6;7;117;0;0
civil;27;15;23;23;14;18;20
acreditar;47;8;5;10;10;31;29
supremo;9;60;49;3;1;12;2
mulher;72;7;3;22;16;9;2
instituto;10;7;7;14;84;4;8
encontro;19;7;26;16;26;9;34
cercar;18;11;15;37;25;5;18
banco;6;4;6;60;36;8;7
tipo;40;11;9;28;9;7;34
rússia;4;0;1;8;0;0;120
início;27;23;20;21;10;16;17
declaração;10;34;20;10;24;11;29
movimento;62;4;2;11;1;22;5
foro;8;54;29;8;1;25;1
anunciar;14;5;8;28;8;25;51
acusar;3;44;25;3;50;5;10
impeachment;27;15;29;14;7;37;1
geral;17;11;52;15;14;18;9
único;35;15;8;18;15;10;20
neve;7;3;104;0;13;4;0
interesse;17;11;18;24;31;13;21
seguir;30;8;17;31;8;13;26
réu;1;75;15;0;45;2;0
planalto;18;7;44;8;4;58;0
entender;56;17;10;6;9;21;12
triplex;0;32;0;0;98;1;0
organização;14;16;52;23;4;3;16
ler;16;17;67;7;21;6;2
prestar;11;15;16;9;74;3;3
enviar;14;9;46;9;21;12;23
vida;61;6;9;31;2;6;10
senhor;41;7;10;18;21;19;3
população;30;2;2;70;1;16;7
empreiteiro;2;6;14;5;104;1;0
corte;5;77;30;13;4;5;1
local;43;3;6;24;16;10;16
explicar;32;12;18;26;30;6;6
setor;14;3;10;49;33;5;5
pyongyang;0;0;0;0;0;0;133
tornar;36;16;14;28;11;9;16
previdência;2;0;2;8;4;105;0
necessário;29;4;9;31;10;27;18
violência;62;4;3;31;0;10;1
longo;32;6;10;22;14;8;35
história;63;13;9;18;9;6;6
diretor;18;6;40;19;26;9;5
lavagem;1;76;21;0;29;1;0
carne;0;0;43;52;12;0;3
assumir;17;11;23;18;18;27;7
texto;13;21;18;13;11;43;2
entregar;4;3;60;8;40;6;3
constituição;20;17;12;27;3;39;6
policial;32;12;24;14;10;3;0
objectivo;17;19;16;15;20;8;28
apontar;11;19;26;22;28;11;7
silva;11;12;17;8;55;12;0
permitir;23;28;6;25;7;20;14
penal;7;71;5;9;25;2;0
conta;8;13;7;14;70;10;0
chefe;16;5;39;11;16;8;22
mandar;25;17;56;4;9;6;3
discurso;36;11;3;14;2;36;19
rousseff;10;15;26;8;47;11;0
palácio;12;3;51;4;14;32;1
morte;32;7;6;38;4;3;10
caixa;15;4;13;10;62;8;0
alvo;4;8;52;4;20;11;19
pgr;6;10;80;0;21;1;0
possibilidade;16;33;11;10;4;26;16
luiz;4;26;29;4;36;15;0
investigado;3;26;52;4;28;2;0
ajudar;33;7;9;20;16;18;15
comissão;4;10;13;14;14;57;1
rede;55;7;9;7;5;14;9
prever;7;35;7;35;7;20;5
período;21;15;10;32;22;8;4
marco;20;38;16;9;7;22;3
lembrar;39;16;9;17;18;9;9
evitar;15;16;18;16;11;16;24
condição;17;14;10;38;8;20;5
atingir;15;4;7;15;10;6;55
união;10;9;4;45;8;15;20
renan;6;16;24;1;3;53;0
superior;2;82;8;9;7;1;1
chamado;26;15;28;13;16;8;5
risco;18;9;10;48;0;2;20
garantir;22;15;11;33;9;10;10
economia;15;1;1;62;2;9;17
compra;3;4;11;7;81;0;2
centro;39;4;6;7;4;16;16
posição;31;14;6;12;6;17;22
perder;39;10;12;10;5;15;10
indicar;12;9;23;20;22;12;11
imprensa;15;7;50;9;11;4;12
frente;31;4;8;18;6;13;7
razão;18;32;8;21;9;10;7
pensar;66;2;3;6;3;20;9
fernando;8;9;18;4;41;27;0
comprar;14;1;20;9;57;1;4
prático;19;25;15;19;19;5;8
procurar;30;2;13;13;36;5;6
mudar;49;9;4;12;6;12;13
instituição;19;0;10;55;6;6;8
favor;13;20;9;5;38;19;3
total;6;6;11;32;34;5;13
suposto;7;15;33;1;39;4;7
ouvir;27;4;34;6;19;8;2
norte_coreano;0;0;0;0;0;0;108
quinta_feira;10;21;32;3;11;19;11
fase;8;18;39;7;19;3;8
exterior;11;2;5;12;43;5;26
esquema;3;15;31;4;47;3;1
donald;3;0;0;3;0;2;101
discutir;12;19;11;15;4;35;9
chamar;36;6;20;2;11;15;14
autorizar;12;12;40;11;20;6;5
oficial;9;7;19;10;30;5;20
negociação;5;1;9;13;27;13;36
junto;15;7;24;18;29;5;5
viver;71;1;2;11;4;8;6
russo;9;0;1;1;0;1;87
mercado;18;0;4;51;13;8;3
diverso;20;9;10;11;37;8;6
analisar;10;47;15;4;5;17;8
vídeo;20;7;35;8;18;10;3
sexta_feira;24;4;23;1;11;10;25
santo;19;16;10;9;39;4;0
reportagem;12;9;38;8;23;8;1
relatar;10;7;23;3;57;4;1
manifestar;7;24;35;8;13;8;7
homem;57;4;10;6;2;5;12
diálogo;19;3;29;10;2;7;34
determinar;5;36;22;5;16;11;8
destacar;19;17;10;17;19;8;9
acompanhar;26;25;13;8;9;6;7
rua;56;0;5;7;3;12;1
março;12;13;39;8;6;9;9
lourar;0;0;80;1;11;0;0
lançar;8;2;2;2;3;13;72
gravação;6;18;63;2;10;0;0
comando;17;5;27;7;3;12;22
agência;13;4;15;13;1;2;52
unidade;7;4;8;27;27;7;11
povo;56;1;1;4;2;20;11
plano;14;3;2;35;6;15;20
noite;37;7;17;2;5;17;17
jornal;20;1;31;6;17;3;13
incluir;8;8;8;19;16;12;31
avaliar;13;2;14;21;4;38;9
assinar;12;8;12;8;19;26;7
íntegro;3;21;50;3;16;4;2
obra;17;1;1;17;57;5;0
maneira;40;4;5;9;9;11;24
ideia;43;5;2;28;1;10;8
fossar;22;15;10;11;26;7;10
certo;42;5;5;20;5;5;15
causa;36;6;6;18;17;10;5
votação;2;5;2;3;1;79;1
uscifrão;1;4;2;33;34;0;6
resultado;19;10;3;33;6;18;6
resposta;21;4;8;13;9;4;37
ganhar;29;6;6;15;3;25;15
usado;19;4;8;15;32;5;14
segunda_feira;5;19;21;8;8;19;18
roberto;8;32;11;2;35;7;0
preciso;38;6;6;23;7;16;2
passivo;1;54;31;2;11;1;0
fiscal;1;1;16;31;37;13;0
terça_feira;11;11;16;7;18;16;18
rocha;5;0;71;1;9;2;0
financeiro;4;1;9;37;36;2;3
diferente;33;6;5;23;8;6;10
sentido;24;11;8;18;11;8;12
quarta_feira;11;18;18;7;12;20;10
lugar;41;3;7;15;11;8;6
julgar;10;63;5;8;1;8;0
alto;15;9;10;36;6;4;12
tentativa;12;11;23;9;11;11;18
prefeito;18;10;5;12;5;35;0
notícia;33;4;11;5;5;8;27
acesso;9;8;25;28;17;2;2
revelar;8;8;27;11;31;5;6
judiciário;26;35;4;11;3;15;0
exercício;10;16;8;8;2;3;46
central;8;1;2;28;5;9;2
busca;11;3;44;9;11;4;10
aéreo;10;2;11;9;0;2;56
atividade;11;9;9;19;10;8;21
aliado;10;3;5;9;6;19;42
água;18;0;1;52;1;0;12
turma;5;68;9;1;1;5;0
tema;15;12;3;18;3;31;10
regra;8;14;1;28;3;30;4
plenário;4;31;10;0;2;45;0
europeu;3;0;0;62;1;1;15
capital;27;7;11;25;4;4;4
órgão;14;16;28;26;5;2;2
uso;20;4;13;16;15;5;18
representar;17;14;8;14;7;4;19
palavra;31;9;17;5;16;4;10
negócio;12;0;4;25;33;12;5
demonstrar;13;14;20;8;15;5;17
valer;18;15;12;22;1;15;8
paraná;8;13;39;3;16;5;0
manhã;17;8;29;3;6;14;8
imagem;35;6;8;4;8;7;20
forte;32;2;4;24;0;11;13
denunciar;5;10;44;5;15;4;5
democracia;37;6;2;28;1;5;8
cometer;12;35;16;6;10;4;6
acrescentar;21;12;9;13;6;11;21
tse;5;51;8;3;20;3;0
setembro;8;18;21;6;13;7;18
sentença;1;62;1;2;22;0;0
saúde;32;1;1;38;2;4;0
reunir;22;8;6;17;5;13;13
responsabilidade;12;12;3;25;7;20;9
privilegiado;5;36;25;4;3;16;0
prazo;8;22;7;26;8;12;3
onu;2;0;0;5;1;1;80
jong_un;0;0;0;0;0;0;89
falta;19;15;7;30;3;8;4
análise;11;26;8;10;8;20;5
secretário;9;3;13;12;7;9;36
retirar;12;6;17;9;13;17;13
químico;1;0;2;3;0;0;77
professor;42;3;2;17;2;6;10
mundial;18;1;1;32;0;6;22
lançamento;5;1;2;0;0;1;76
futuro;22;8;3;20;4;20;10
desenvolvimento;6;0;4;55;8;3;15
balístico;0;0;0;0;0;0;88
publicar;21;10;19;11;5;8;10
doação;5;1;7;3;64;3;0
curitiba;1;47;25;1;9;1;0
buscar;17;8;13;19;10;6;16
sanção;1;2;0;1;1;2;76
obter;4;11;23;7;33;2;7
membro;15;19;9;9;5;12;16
liberdade;24;30;12;12;3;0;1
japão;2;0;0;4;0;2;75
carlos;7;12;23;5;25;16;0
bndes;0;2;8;35;34;0;0
troca;8;4;17;5;35;4;14
trazer;31;6;8;15;10;9;6
imposto;7;12;4;30;15;2;5
impedir;16;17;21;6;2;14;11
gestão;14;4;9;38;3;10;5
fundo;7;3;3;35;24;7;3
edson;0;14;72;0;1;1;0
desembargador;6;69;2;1;5;1;0
conversar;20;6;18;8;13;6;13
benefício;2;16;23;9;29;2;3
volta;32;10;5;5;4;9;7
mão;39;7;4;10;3;10;11
mensagem;26;1;4;2;26;10;14
manifestação;27;10;11;3;3;9;1
funaro;0;1;44;1;25;3;0
estatal;4;3;9;26;17;4;18
aumentar;9;13;2;29;3;8;21
abrir;24;10;19;15;8;5;6
quarto;12;12;5;5;9;23;14
procurador_geral;0;6;74;1;2;2;0
henrique;3;4;25;0;14;38;0
branco;19;7;1;13;4;1;35
solicitar;4;10;17;8;40;2;1
quinto;6;12;18;6;4;16;22
listar;3;2;29;10;15;8;7
irmão;9;4;55;1;13;2;0
especial;8;8;26;15;3;15;5
cair;18;6;2;19;4;6;24
respeito;32;9;11;11;9;7;3
investimento;3;0;3;45;23;4;4
função;8;25;14;10;8;17;0
cidadão;36;7;4;26;0;7;2
campo;29;2;1;8;26;10;2
avião;34;0;5;15;1;0;18
amigo;35;6;7;2;21;5;1
abril;5;10;12;8;7;14;21
pretender;22;14;7;9;5;10;14
f;2;0;44;1;23;2;8
exército;23;0;2;9;2;7;38
assessoria;7;4;37;5;19;6;0
aceitar;15;11;12;7;10;9;17
solução;22;3;2;19;4;10;19
seguinte;18;3;21;4;10;15;7
recorrer;3;57;7;4;5;0;6
reconhecer;17;13;9;9;17;11;2
médico;22;5;0;36;2;1;0
mendes;2;54;15;2;0;6;0
difícil;26;1;3;20;3;8;20
sede;8;11;10;6;34;5;5
ressaltar;5;10;17;14;20;6;7
ilícito;2;19;9;6;41;1;1
especialista;13;0;0;14;0;5;45
criticar;11;18;5;3;3;22;17
agricultura;5;1;32;26;8;1;1
abuso;12;31;11;2;4;16;3
trabalhador;15;0;1;6;3;4;0
registrar;14;3;12;29;10;2;3
produto;5;2;7;49;6;0;4
neto;5;31;2;3;18;17;2
negociar;7;3;11;12;23;8;15
eventual;6;26;13;8;5;17;3
domingo;12;2;24;5;1;6;26
contrário;27;12;3;6;3;23;1
contato;11;5;27;7;24;4;0
administração;3;8;7;26;16;6;12
sofrer;29;10;10;12;3;8;5
saída;13;4;6;7;2;23;15
presidencial;10;4;1;2;12;39;9
fechar;5;3;25;13;20;5;5
fazenda;7;1;12;3;24;29;0
conjunto;11;7;13;10;6;7;20
caber;4;31;10;8;6;15;2
vítima;22;5;19;13;2;1;15
vista;31;19;2;10;5;6;2
trf_4;1;70;2;1;0;1;0
trecho;7;5;38;2;17;5;0
tirar;37;3;6;11;2;9;5
referência;8;2;10;22;13;2;18
privado;9;4;2;32;17;3;0
morto;27;4;5;9;2;6;20
jurídico;18;21;19;7;9;3;0
grave;15;15;10;24;3;7;2
funcionário;21;3;7;12;22;3;5
exigir;10;6;7;20;9;8;15
dúvida;22;8;12;5;8;8;15
aberto;11;3;19;10;9;11;13
participação;5;7;14;8;25;4;6
fevereiro;8;8;9;5;19;17;9
definir;15;12;2;11;12;20;2
conhecer;25;2;12;6;17;2;3
bbc;19;0;1;7;1;24;19
tv;10;3;19;3;14;10;10
resolver;19;2;5;9;10;6;21
pesquisa;14;1;0;28;3;24;2
legislativo;12;7;7;5;4;35;0
estudo;11;0;0;41;3;1;18
alcance;1;7;1;3;0;3;58
washington;3;0;0;1;0;0;68
sigilo;3;5;42;3;15;0;1
secretaria;19;4;17;8;0;16;0
pinheiro;3;4;2;0;57;1;0
maio;10;7;22;11;5;10;8
magistrado;3;49;9;5;4;3;0
apoiar;5;1;4;4;3;22;29
ricardo;2;14;37;2;11;4;0
porto;22;23;8;6;8;2;3
necessidade;14;9;11;18;5;9;6
marisa;1;2;0;0;66;0;0
marcar;20;19;7;4;7;9;4
frigorífico;0;0;48;12;13;0;0
ex_deputado;0;15;48;1;6;4;0
enfrentar;12;1;0;40;0;5;14
candidatura;4;9;1;4;1;47;0
atender;11;11;7;11;24;5;2
agente;10;13;17;8;14;1;3
abertura;5;3;34;12;6;3;7
termo;5;8;17;21;8;5;6
santana;0;1;4;0;64;0;0
perguntar;25;0;21;2;20;4;1
opinião;20;8;8;17;4;9;7
ocasião;2;10;19;8;17;5;10
luta;38;2;3;5;1;3;12
esquerdo;47;2;0;5;2;2;0
bolsonaro;9;7;0;2;0;50;0
vender;11;0;5;30;12;4;4
venda;4;0;3;18;39;2;3
gilmar;5;54;7;1;0;4;0
direto;11;5;3;7;10;8;15
comentar;9;4;14;1;17;19;7
cara;41;2;5;3;5;2;4
agosto;10;7;8;5;18;6;13
afastado;5;10;43;1;2;7;1
tucano;4;7;24;0;8;26;0
real;4;4;9;16;19;2;14
pergunta;19;7;15;2;10;10;5
oposição;7;1;6;7;0;36;9
oferecer;10;3;17;21;8;5;4
mouro;2;4;7;0;56;1;0
lúcia;8;39;17;2;4;1;0
ilegal;7;17;8;4;23;1;7
funcionar;10;1;2;25;21;3;7
estratégia;9;4;7;17;5;17;11
cármen;8;39;19;3;0;2;0
chinês;2;0;0;7;0;0;56
caminho;11;3;8;24;2;5;17
beneficiar;7;9;6;8;30;8;3
agenda;18;3;7;11;1;24;5
prédio;32;1;1;5;14;1;0
nação;11;1;2;13;2;2;39
conhecimento;6;8;15;6;30;1;2
antonio;5;7;8;3;38;6;2
saud;2;1;46;0;16;1;0
ocupar;24;4;13;5;7;9;2
mal;37;1;3;9;1;8;5
financiamento;5;1;0;35;17;3;1
disputa;7;3;4;4;2;35;11
dado;9;2;5;31;16;0;3
crítica;13;7;7;3;2;26;9
comunicado;3;1;9;2;8;3;40
atuação;12;11;22;6;10;1;3
apurar;4;2;38;3;19;3;0
aprovação;6;3;4;12;10;27;3
tarde;14;7;12;1;6;12;6
série;8;2;3;12;16;11;12
popular;26;0;0;1;0;15;4
equipa;13;3;9;14;8;8;10
devido;12;13;10;11;12;3;5
destinar;4;2;3;9;39;4;5
controlo;5;7;7;27;6;4;9
construir;21;3;1;7;19;8;8
aparecer;17;2;11;4;18;9;2
sr;22;3;10;6;6;13;2
protesto;15;2;2;3;0;6;4
interno;8;3;8;26;4;12;2
homicídio;7;2;0;45;0;1;2
dito;16;8;12;2;10;11;7
dezembro;7;8;3;11;16;15;4
consequência;15;13;2;7;3;7;19
atacar;7;3;5;2;2;8;37
anterior;9;12;2;16;5;10;11
reforçar;5;10;8;10;7;3;19
mínimo;7;7;1;27;5;14;2
morrer;36;1;4;3;6;0;11
lima;3;1;41;0;14;0;0
junho;4;17;20;2;9;5;7
garantia;5;7;1;27;4;9;9
estabelecer;8;15;1;15;7;15;5
escrever;23;14;7;3;8;2;8
companhia;4;0;8;43;5;0;1
combate;24;1;8;10;1;7;12
capaz;11;4;0;9;1;4;36
aeroporto;15;2;4;30;7;0;0
utilizar;9;8;6;13;13;0;11
teori;14;24;20;1;2;1;0
representante;9;7;8;7;11;6;11
pai;32;5;5;4;9;3;3
livre;29;2;3;14;4;2;8
legal;1;11;11;30;6;3;2
gravar;5;2;52;2;2;0;0
departamento;4;3;7;7;27;1;13
concordar;6;8;5;9;9;5;22
ética;7;16;12;11;4;11;1
vereador;6;0;2;9;4;27;0
procuradoria;2;6;43;0;12;1;0
outubro;1;10;10;4;13;21;5
médio;8;1;1;32;1;5;14
menor;7;4;8;32;2;3;6
ligar;31;2;7;2;12;5;4
intenção;5;4;6;13;11;12;10
humano;37;2;1;15;0;0;7
estadual;11;10;7;7;4;13;0
discussão;12;6;1;12;2;23;3
bancada;3;0;11;1;1;45;0
tratado;11;6;5;7;1;3;28
território;4;1;1;7;0;0;49
reduzir;7;2;1;37;2;5;8
praticar;8;25;5;4;14;2;2
olhar;39;0;4;5;7;4;2
linha;12;5;5;12;5;7;15
integrante;9;13;5;3;3;18;1
gabinete;17;3;27;1;6;6;2
dirceu;9;26;5;1;16;5;0
depender;9;6;4;18;4;14;3
delegado;6;8;40;3;3;0;0
apresentado;4;18;11;1;25;3;0
alegar;4;26;7;1;15;3;6
pessoal;21;5;4;5;15;7;3
papel;18;4;3;15;6;8;7
espécie;8;3;3;16;26;1;2
esclarecer;13;4;17;7;17;2;1
dificuldade;12;1;2;35;3;3;3
democrático;21;4;4;12;0;11;8
crédito;1;0;0;29;28;2;1
costa;7;2;3;4;21;15;8
zona;10;3;4;21;1;2;10
sábado;13;4;22;2;1;4;13
registro;5;6;9;12;18;5;0
provisório;5;17;5;2;13;14;1
preocupação;15;3;8;13;4;5;10
investigador;3;3;18;1;34;0;0
gerar;12;1;2;23;6;11;2
fechado;10;12;11;11;4;1;2
capacidade;16;2;2;10;2;4;24
baixo;3;1;0;40;3;6;3
antigo;17;8;0;8;16;5;7
terceiro;15;12;3;6;11;5;8
suficiente;16;9;7;9;6;2;9
servidor;5;6;9;5;8;14;0
relatório;1;15;14;3;2;22;0
minuto;11;4;11;3;8;4;17
geddel;3;0;31;0;19;0;0
conhecido;14;1;12;4;11;9;8
comércio;5;1;0;18;6;3;18
assad;0;0;1;0;4;0;52
artigo;13;28;2;2;1;5;2
armado;19;2;0;3;1;15;14
visita;5;3;3;2;24;1;18
sp;7;11;5;2;24;7;0
pequeno;20;2;0;27;2;3;3
opção;3;3;0;5;5;2;33
julho;6;9;4;6;8;7;18
judicial;4;24;10;3;15;0;0
jornalista;18;3;17;3;1;12;3
influência;8;8;14;4;14;3;8
escolher;17;4;14;8;0;11;2
efeito;10;6;5;13;2;12;10
doria;17;1;1;10;0;25;0
desenvolver;10;1;3;8;4;1;32
vantagem;4;3;4;3;40;2;2
vaccari;1;17;1;0;32;0;0
sindicato;10;1;2;4;6;1;0
servir;22;3;2;11;5;0;9
peemedebista;4;7;28;4;5;10;0
mina;14;1;13;6;6;12;1
debate;27;9;0;2;0;15;1
conflito;7;1;0;1;0;1;42
concluir;7;16;10;5;9;6;3
colaboração;2;10;31;2;11;0;1
cabral;1;23;10;3;14;0;0
audiência;9;26;5;2;3;6;1
agir;13;4;12;9;6;4;8
universidade;26;2;0;7;0;2;10
tender;12;5;3;19;9;5;3
revista;9;2;32;3;4;3;0
permanecer;10;9;14;2;10;6;3
pauta;3;8;4;4;1;31;0
pacífico;6;1;0;2;0;0;46
novembro;6;5;13;4;18;4;4
mp;6;11;13;6;11;8;0
motivo;13;11;9;4;6;6;8
meirelles;0;0;3;3;0;47;0
livro;47;1;1;2;0;0;4
iniciativa;8;5;3;24;4;5;7
cultura;29;1;0;10;0;3;0
chapa;2;35;2;0;12;5;0
calheiros;0;11;16;1;3;25;0
avanço;4;5;14;6;3;6;18
aumento;5;5;1;31;2;5;7
ajuda;7;2;8;5;16;5;12
vice_presidente;5;3;9;3;7;13;12
twitter;14;4;0;4;0;7;26
stj;1;49;3;0;1;0;0
significar;14;2;2;13;3;7;11
referir;7;3;14;3;21;4;4
produzir;11;3;5;25;4;1;5
preventivo;1;35;9;1;0;1;8
obstrução;0;7;48;0;1;0;0
obama;12;1;0;3;0;1;33
maria;20;5;4;8;12;3;1
manifestante;6;0;1;0;0;4;2
eleger;6;7;4;5;5;24;1
cúpula;10;0;9;4;1;10;18
conceder;13;10;14;10;4;2;1
comum;14;13;1;14;2;7;5
avaliação;6;5;5;18;7;14;1
assessor;5;0;17;1;11;6;15
vieira;0;6;31;0;16;0;0
tensão;2;0;1;5;0;0;46
sessão;2;18;3;3;0;26;0
oliveira;2;15;6;2;4;24;0
duque;2;2;1;0;38;0;0
criminal;5;34;5;6;2;2;0
conduzir;5;5;25;4;4;3;9
argumento;12;21;6;5;3;3;2
argumentar;7;20;7;7;1;4;7
apreensão;3;4;36;0;5;2;1
alckmin;7;0;4;0;4;36;0
acidente;27;2;9;2;0;2;2
sérgio;3;12;20;5;13;0;0
provocar;15;4;3;5;2;6;19
presente;12;10;8;2;11;3;3
falso;10;3;3;7;24;1;6
exportação;0;0;5;33;9;1;4
crescer;4;0;1;31;0;8;5
construtor;0;4;6;1;42;0;0
confiança;9;1;11;13;4;5;7
comunicação;10;1;15;4;9;4;10
compromisso;11;0;12;7;11;9;2
cassar;4;17;29;0;0;4;0
brf;2;0;21;18;5;0;1
autorização;3;15;17;5;7;1;1
associação;2;10;26;8;1;2;0
adotar;6;3;3;10;2;9;20
trabalhista;1;0;0;2;1;40;2
silêncio;5;2;35;2;3;0;3
presença;16;2;4;9;3;6;9
pedro;1;19;9;4;12;6;0
modo;16;12;12;6;3;0;4
justificar;10;16;4;11;6;3;1
irregularidade;4;8;21;3;15;1;0
guarujá;0;14;0;0;39;0;0
exercer;12;19;2;5;4;3;4
envolvido;18;5;13;6;9;0;1
década;14;1;1;16;7;0;13
destruir;13;0;5;2;5;1;23
data;6;20;2;3;5;6;7
crescimento;3;0;0;33;1;7;3
citado;2;4;23;4;17;1;2
carta;15;3;4;5;10;5;7
andar;29;2;0;0;8;6;0
suspender;2;15;7;7;2;5;13
suspeita;4;3;18;6;15;2;3
sugerir;8;11;5;11;10;2;4
promover;14;4;2;9;2;5;9
preparar;12;3;3;2;3;6;23
positivo;14;3;0;12;1;8;11
pertencer;5;12;3;1;24;1;1
padilha;4;1;19;0;3;21;0
observar;6;6;5;12;5;1;16
material;6;4;21;2;9;1;4
indício;1;7;25;2;13;0;4
fonte;7;4;11;12;5;0;9
ex_governador;1;23;9;1;9;7;0
diferença;11;0;2;11;13;4;5
controlar;6;1;14;12;5;1;11
classe;21;0;1;14;0;1;3
cadeia;7;17;10;1;4;5;4
assegurar;5;4;3;25;4;1;8
teoria;27;1;1;2;1;1;8
teixeira;3;5;0;1;38;2;0
taxa;1;0;2;34;3;2;3
rápido;10;0;4;11;4;2;18
preço;5;1;0;18;20;0;4
passo;18;5;0;8;1;4;13
globo;2;2;31;1;11;1;1
educação;16;1;2;19;0;2;0
comercial;6;1;2;8;3;1;29
coletivo;11;6;3;12;1;3;10
terminar;19;2;4;6;1;11;4
pressão;15;1;0;2;1;6;23
pegar;20;4;9;3;6;3;1
origem;6;6;2;8;22;0;3
liderança;8;1;0;19;0;7;12
gasto;6;3;0;12;6;20;1
fórum;13;2;0;19;0;9;3
fundamental;8;5;1;26;3;4;3
foto;24;1;6;3;4;3;5
espaço;16;1;1;10;4;13;3
duro;12;1;3;6;0;10;16
aurélio;8;31;5;2;0;3;0
alves;2;1;31;0;12;1;0
aguardar;7;22;10;3;2;4;1
administrativo;6;8;6;14;13;2;0
via;15;1;2;6;14;3;2
trf;3;42;0;0;1;0;0
time;13;0;0;3;0;2;8
testemunha;3;8;10;1;23;1;1
nível;8;0;1;21;1;3;9
multa;2;13;0;6;23;0;0
km;9;0;0;3;1;1;19
institucional;14;6;10;7;5;6;0
europa;23;0;2;17;0;1;4
entidade;5;9;6;6;7;0;4
entendimento;7;21;5;2;2;8;3
emprego;9;2;2;29;0;2;3
detalhe;9;4;8;4;18;1;4
custo;6;0;1;20;16;1;1
completar;7;10;1;8;4;8;11
admitir;7;10;9;8;5;5;5
viagem;15;6;5;5;0;7;9
simples;22;5;1;7;4;5;1
recente;11;9;1;4;2;12;9
propriedade;5;0;2;3;35;1;1
peça;12;6;4;8;10;2;1
mensalão;8;17;5;3;4;6;0
mello;6;31;3;0;3;2;0
estratégico;1;0;1;8;2;3;33
direção;13;2;2;4;2;4;14
constitucional;6;4;0;24;0;11;1
comandar;10;3;8;2;10;14;0
atribuir;8;7;10;6;7;1;7
ambiente;2;1;1;35;0;7;2
afastar;6;10;11;4;2;9;6
versão;5;2;11;5;17;4;3
transferência;2;22;0;1;19;2;1
terça;4;6;14;3;1;14;3
terreno;3;0;0;2;35;1;2
sucesso;9;1;1;7;3;1;24
repassar;0;2;8;4;32;0;0
rejeitar;2;18;7;1;2;11;5
propor;16;3;6;5;10;5;1
prefeitura;12;1;1;13;2;13;0
paz;12;1;0;5;1;2;22
juízo;2;31;0;1;12;0;0
jogo;16;0;4;4;0;6;15
impacto;3;3;0;19;3;8;8
gostar;22;1;3;2;7;3;6
global;4;0;1;27;1;0;12
força_tarefa;6;10;10;0;18;1;0
emenda;4;3;0;0;0;35;1
determinado;3;19;6;7;6;3;2
criação;7;2;0;16;4;10;4
comprovar;2;13;14;1;16;1;0
auto;3;23;8;0;11;0;0
aeronave;12;1;10;12;1;0;8
transformar;19;7;1;2;5;7;2
regional;1;12;10;8;1;4;9
ptb;12;4;1;3;1;13;0
pronto;11;1;1;3;5;6;16
prerrogativa;3;25;8;1;0;6;0
pior;19;0;1;12;1;5;5
península;2;0;0;0;0;0;43
limite;14;1;1;15;3;6;4
inteligência;15;0;7;9;0;0;10
franco;5;2;22;1;3;12;1
fraco;3;0;33;6;2;0;0
formar;14;3;6;7;6;6;3
execução;4;33;3;3;2;0;0
evento;14;10;3;4;2;7;3
crer;18;5;1;15;0;3;3
construção;4;1;0;17;16;4;3
comunidade;12;1;4;10;0;1;14
cenário;9;0;1;11;1;17;7
atenção;21;4;3;5;2;3;5
ameaçar;3;2;1;4;1;4;30
queda;23;3;1;13;1;0;1
perda;7;4;3;15;1;7;3
morador;31;1;1;4;0;1;1
lúcio;2;1;34;0;7;0;0
iniciar;6;12;5;10;2;2;8
indicação;2;5;21;4;5;6;1
indevido;0;5;1;0;39;0;0
habeas;0;40;1;0;1;0;0
golpe;18;5;3;6;0;3;4
favorável;4;9;2;2;2;20;3
erro;10;1;2;11;3;8;5
dívida;3;1;2;21;9;6;1
conteúdo;6;4;24;3;5;3;0
comentário;6;4;18;2;3;3;7
colega;12;12;4;1;0;10;6
causar;7;3;6;14;2;3;7
âmbito;3;8;24;1;6;1;0
salário;1;0;1;29;4;4;0
prometer;9;2;2;5;3;3;17
procuradoria_geral;1;2;26;4;7;3;0
procedimento;9;5;4;13;7;3;0
princípio;12;8;1;14;0;3;6
posse;5;5;11;1;8;4;7
oportunidade;13;3;5;14;4;3;0
mônica;0;0;2;0;40;0;0
mesa;10;7;3;1;1;8;14
marqueteiro;0;0;1;0;43;0;0
mantega;0;0;0;0;41;0;0
escola;20;0;2;10;0;1;1
droga;16;4;3;12;0;1;2
decreto;4;1;4;1;2;29;0
código;7;22;2;4;3;3;2
convocar;3;2;2;1;1;10;7
concessão;1;12;3;6;14;3;2
celso;5;25;3;5;1;3;0
bernardo;2;0;0;0;41;0;0
zavascki;7;17;15;2;0;1;0
york;4;5;1;0;4;1;13
voo;3;1;2;19;3;2;11
temer;15;0;9;3;0;6;8
seul;0;0;0;0;0;0;42
putin;1;0;0;1;0;0;40
punição;6;15;6;3;2;3;6
presídio;7;17;5;8;0;3;0
perigoso;8;0;7;8;0;2;15
ouvido;6;8;8;3;9;6;3
mãe;29;3;1;3;3;0;0
moreira;1;4;27;1;1;9;0
modelo;10;0;4;15;3;5;4
indústria;2;1;2;25;4;3;5
guido;1;0;0;1;39;0;0
encaminhar;8;12;11;1;2;4;1
elemento;4;7;8;13;5;1;3
divulgação;0;2;20;1;11;6;3
dirigir;19;4;4;5;2;3;3
corpus;0;39;1;0;1;0;0
verdadeiro;14;5;4;4;9;1;5
vara;0;27;11;1;2;0;0
recibo;1;0;1;0;36;0;0
municipal;3;2;1;8;2;12;0
ligado;3;12;5;3;10;3;1
japonês;2;0;1;0;4;1;33
italiano;13;1;1;0;22;1;1
eunício;3;1;3;0;1;29;0
episódio;15;3;15;2;4;0;1
distrito;2;7;4;11;2;8;1
completo;4;2;7;13;5;4;4
colaborar;5;3;7;4;21;2;0
certeza;14;2;11;5;4;3;2
br;27;0;1;5;2;3;0
bomba;7;0;2;0;0;1;30
vizinho;3;1;0;2;15;1;17
visão;10;3;6;8;0;3;8
veículo;5;0;4;8;6;0;9
sítio;1;0;0;0;34;1;2
seguida;7;9;9;3;2;6;4
rádio;8;0;9;1;2;19;0
rei;4;4;7;5;16;1;0
norma;5;1;1;14;1;7;10
mar;8;0;1;4;3;0;22
legislação;2;7;3;17;5;7;0
familiar;4;9;16;4;5;1;0
externo;11;3;2;13;4;1;5
escândalo;6;3;3;17;7;4;1
escolha;5;4;6;11;3;7;3
empreendimento;0;0;0;2;35;0;1
disputar;1;4;2;2;0;31;0
disposição;6;3;10;2;17;0;3
defensor;3;15;4;5;4;5;2
ativo;6;11;0;10;7;0;7
alegação;2;26;2;0;6;0;2
vice;9;4;1;1;1;19;1
sindical;3;0;0;4;1;3;0
repasse;1;2;0;13;24;0;0
reiterar;2;5;4;6;8;1;14
receita;3;3;4;19;8;1;0
pleno;12;6;5;5;1;2;9
perrella;5;0;29;0;1;0;0
paulista;13;1;3;3;11;6;0
obrigar;9;10;4;11;2;0;4
navio;16;2;0;3;3;0;14
moção;1;0;0;4;0;9;0
léo;0;2;2;0;32;1;0
integrar;4;9;8;3;6;6;1
hospital;17;2;3;5;8;0;1
expor;12;4;0;8;7;5;1
dividir;12;0;1;9;5;10;2
conduta;5;12;8;3;5;3;1
alcançar;4;1;4;6;1;3;20
zanin;1;7;0;0;29;0;0
técnico;4;3;0;17;9;2;3
tillerson;0;0;0;0;0;0;38
suíço;3;1;0;3;28;2;0
relato;5;1;8;2;18;2;2
preocupado;16;1;3;4;10;4;0
praça;13;0;0;2;3;2;0
planejamento;1;3;2;23;4;4;0
operador;0;0;12;3;21;0;1
negativo;11;6;0;7;7;1;6
máximo;12;6;2;5;1;5;8
moral;16;13;2;4;1;2;0
liberar;3;4;15;3;9;1;3
identificar;9;2;10;2;7;3;5
general;11;0;2;4;1;5;14
fácil;28;1;0;2;0;4;1
entrega;3;2;9;5;18;1;1
emilio;1;2;1;0;32;0;0
dirigente;6;3;8;1;11;4;5
cobrar;7;0;3;11;10;4;3
ciro;0;1;3;1;1;30;0
carro;18;1;2;2;4;2;0
aposentadoria;4;5;0;11;3;12;1
antônio;3;5;5;0;21;2;0
afirmação;5;3;9;0;16;1;4
verificar;5;10;6;5;6;1;3
sustentar;4;8;2;9;13;0;2
surgir;25;2;4;1;0;2;4
subir;8;0;1;17;1;5;6
soltar;5;14;15;1;1;2;0
reagir;6;1;6;1;3;4;17
punir;15;4;5;6;0;2;4
pmdb_rj;0;2;31;2;1;1;0
partidário;8;3;3;6;3;13;0
norte_coreanos;0;0;0;0;0;0;38
jovem;20;1;0;7;2;4;3
importar;4;0;0;21;1;2;10
fogo;5;0;1;9;0;0;18
estimar;1;3;2;8;7;0;3
eleitor;17;0;0;5;1;11;0
derrubar;11;7;10;1;0;2;7
contribuir;11;2;2;15;5;1;0
constar;2;8;10;1;14;1;0
castro;15;3;3;9;2;3;1
bloqueio;0;9;2;2;16;1;1
bancário;2;0;4;3;25;0;1
apuração;2;8;17;5;2;1;0
adquirir;3;1;1;1;28;1;3
áudio;4;3;28;0;1;0;0
wesley;1;0;27;0;7;0;0
tiro;19;0;3;0;0;6;2
sigla;5;1;4;3;2;10;12
residência;2;0;10;14;9;0;0
republicano;8;0;2;8;2;5;10
renda;3;1;3;23;5;1;1
realidade;15;3;0;8;4;1;4
qualidade;6;1;1;23;2;0;1
página;10;5;9;3;5;1;1
proteger;9;0;1;5;2;6;13
pasta;6;1;10;11;0;5;0
parar;20;1;4;1;4;0;4
município;4;1;0;17;4;3;0
mencionar;4;4;5;2;15;0;7
martins;1;8;1;1;22;1;0
legenda;3;2;6;0;6;20;0
internet;13;3;4;8;1;2;4
histórico;12;3;2;11;1;2;5
hipótese;1;12;3;10;1;8;0
frança;8;0;0;3;4;3;15
esforço;7;0;0;11;0;4;13
envolvimento;2;4;15;0;12;1;3
entrada;2;2;3;14;3;4;3
embaixador;1;1;6;7;0;0;22
eldorado;2;2;11;0;12;3;0
descobrir;16;1;9;5;3;0;2
curso;12;2;8;8;2;2;2
cristiano;1;9;0;0;27;0;0
barroso;2;27;3;0;1;4;0
bandido;19;2;7;1;0;0;0
autor;12;13;3;4;0;1;3
atitude;17;2;1;0;0;4;9
virar;11;3;12;4;4;2;0
trocar;7;0;8;1;12;1;3
terra;12;1;0;5;0;1;10
souza;3;2;16;2;9;4;0
site;6;0;15;4;4;2;3
respeitar;15;5;0;4;3;1;4
indicado;4;0;12;0;14;5;1
glauco;0;0;0;0;32;0;0
faltar;4;4;0;12;11;5;0
expectativa;5;3;5;12;4;3;2
ex_diretor;0;1;3;2;30;0;0
eleito;3;3;0;3;1;24;0
df;4;5;3;11;2;8;0
dem;0;2;0;0;2;29;0
criança;15;4;0;8;0;0;9
coreano;0;0;0;0;0;0;36
cooperação;1;2;3;12;3;0;10
cliente;1;5;6;1;20;2;0
circunstância;7;4;5;7;1;7;4
chance;5;1;1;7;1;13;6
casal;7;3;5;0;20;1;0
assistir;16;6;9;1;2;1;0
américa;11;0;0;12;4;2;6
4a;0;34;0;0;2;0;0
velho;16;0;2;6;4;3;3
vaga;1;2;8;6;1;16;0
toffoli;5;20;2;4;0;3;0
relacionar;6;7;8;1;9;3;0
realização;3;1;0;2;12;12;2
pôr;14;1;1;5;2;4;7
possuir;2;2;3;13;6;0;8
petrobrás;2;5;5;4;16;0;0
pec;1;2;0;0;0;28;0
organizar;17;2;1;4;3;7;0
objeto;8;6;6;2;7;1;1
nomeação;2;7;16;0;2;5;0
morar;16;2;2;8;4;1;0
matar;12;0;2;3;0;3;12
localizar;5;3;9;4;8;0;4
letícia;0;0;0;0;35;0;0
insistir;4;4;0;1;8;5;12
impunidade;23;3;0;6;0;2;1
frederico;2;3;26;2;0;0;0
ex_assessor;1;2;25;1;3;0;2
desviar;3;2;3;9;13;2;3
dano;5;17;1;4;5;0;3
cumprimento;1;7;10;11;4;0;0
comparar;11;2;2;8;3;4;2
cassação;1;24;2;0;1;5;0
asiático;1;0;0;3;2;0;29
andré;1;6;4;2;12;8;0
aliar;1;1;3;4;4;10;12
aborto;9;1;0;16;0;1;0
the;5;2;0;4;1;1;12
suspensão;0;18;5;3;0;4;2
resolução;0;2;0;4;3;3;21
psdb_mg;0;4;28;0;2;0;0
pronunciamento;10;0;11;1;1;6;1
prejudicar;7;8;2;4;4;3;6
posto;8;1;5;10;0;8;2
porta_voz;0;1;0;2;2;1;28
piloto;17;1;4;3;0;0;0
orçamento;1;0;1;23;0;6;3
nobre;9;0;3;0;3;18;0
moçambique;0;0;1;30;1;0;0
metade;11;1;2;10;3;6;0
mala;0;0;20;0;11;0;1
liminar;0;31;0;0;0;1;0
levantar;6;0;2;10;6;7;3
interlocutor;1;5;11;2;10;4;0
fábio;1;0;18;2;11;1;0
financiar;6;1;0;7;15;1;1
emitir;0;7;6;9;5;1;3
desvio;2;12;8;1;9;0;0
desistir;6;2;1;1;11;7;6
contribuição;5;0;2;9;7;6;0
conter;1;2;8;3;3;3;12
bairro;11;0;1;5;1;0;0
apreender;3;1;7;1;21;0;0
aplicar;2;7;1;9;5;4;6
analista;2;0;0;4;1;0;26
alegre;11;21;0;0;0;2;0
viajar;15;0;1;9;1;2;4
vazamento;3;2;20;5;1;0;0
sugestão;4;13;3;5;2;5;0
salvador;9;1;3;0;11;8;0
repetir;14;2;5;1;3;5;1
raquel;1;0;29;1;0;0;0
publicitário;3;1;4;4;19;1;0
protocolar;2;12;10;0;7;2;0
pronunciar;1;7;10;4;5;4;0
perceber;23;2;1;2;0;3;2
mato;3;2;9;1;6;0;0
ligação;3;0;15;3;7;1;1
jogar;21;1;0;3;1;1;1
interrogatório;1;16;1;1;12;0;0
inocência;4;10;7;5;6;1;0
inglês;7;0;0;4;2;3;16
igual;18;1;0;6;0;2;3
grosso;3;2;9;0;7;0;0
grau;3;14;1;9;2;1;1
gomes;8;0;1;3;0;20;0
esposo;6;1;1;0;23;1;0
escritório;5;2;8;3;14;0;1
esclarecimento;3;4;10;1;12;2;0
errado;19;0;4;3;0;4;0
enorme;7;1;0;15;1;1;7
eletrônico;3;1;16;6;4;2;0
doleiro;0;0;18;0;14;0;0
dodge;1;0;28;0;0;1;0
ditadura;19;2;3;1;1;3;3
deter;3;9;7;3;7;0;4
costamarques;0;0;0;0;30;0;0
conclusão;8;12;4;5;1;3;0
combater;7;3;2;8;2;4;4
avançar;6;2;4;4;3;5;7
tropa;6;1;1;3;1;3;13
torno;2;0;4;5;6;8;5
tom;7;3;2;1;2;3;14
tecnologia;11;0;1;2;2;2;13
século;25;0;0;4;0;0;0
suspenso;2;10;5;7;5;2;1
serraglio;3;0;27;1;0;1;0
reuters;1;0;4;3;0;0;24
restrição;0;6;1;10;0;7;6
renúncia;5;3;1;1;0;12;0
relacionado;1;6;13;1;4;3;3
reeleição;0;3;0;0;8;21;0
reação;12;5;1;2;0;4;8
provar;6;1;7;3;12;1;2
produção;3;0;4;13;5;0;4
pr;4;9;8;0;6;3;0
planilha;0;0;0;0;29;1;0
motorista;8;0;0;5;2;5;0
melhorar;7;0;0;11;1;5;6
medo;13;0;1;0;3;4;4
idade;12;1;0;11;0;5;2
governar;11;3;0;4;0;11;1
firmar;3;4;7;1;13;0;2
fidel;20;0;0;3;0;0;0
equipamento;5;0;7;6;6;1;6
diretoria;1;1;9;9;8;1;0
concreto;6;15;0;3;6;0;0
colaborador;2;5;13;1;10;0;1
ciência;22;3;2;0;2;1;2
bater;17;0;0;1;2;7;2
bancoop;0;0;0;0;28;0;0
auxiliar;7;3;8;4;7;3;0
assembleia;9;1;1;2;2;10;7
vencer;6;6;1;7;4;4;2
técnica;10;5;2;9;2;1;2
transferir;2;7;4;4;11;0;2
sério;16;0;0;6;0;1;6
soviético;4;0;1;4;0;1;18
rj;10;10;1;2;1;7;0
resultar;0;7;3;9;5;2;3
redução;3;3;1;13;5;4;1
pentágono;1;0;0;2;0;0;28
organizado;11;0;3;3;4;3;1
ocidente;1;0;0;3;0;1;26
negro;12;0;0;12;0;0;1
nacala;1;0;0;25;1;0;0
mídia;6;6;0;4;3;3;7
mentira;11;1;6;0;6;3;2
diminuir;6;2;0;14;1;2;6
desafio;8;1;1;3;1;4;11
correr;9;3;7;5;1;4;2
corpo;20;0;7;1;1;0;0
comportamento;5;1;0;6;0;4;14
cerimônia;7;2;4;0;3;4;11
cabeça;18;0;5;1;1;4;2
braskem;0;1;1;0;28;0;0
andamento;1;4;8;2;8;7;0
absolver;0;21;1;0;6;0;0
vivo;14;2;2;1;8;1;0
trata_se;3;1;1;6;11;2;6
teto;3;1;0;5;0;20;0
somar;2;1;1;12;11;3;0
ruim;13;0;0;4;1;6;3
rodrigues;5;9;1;3;3;5;0
recomendar;4;10;6;3;5;2;0
recebimento;0;5;3;1;20;0;0
quebrar;10;2;6;3;2;6;1
psd;0;0;2;1;4;21;0
prejuízo;4;11;3;6;4;1;0
pobre;8;0;0;19;0;0;1
planejar;8;0;1;1;3;1;16
perspectiva;11;2;1;9;1;1;5
original;6;7;3;1;7;6;0
norte_coreana;0;0;1;0;0;0;29
nomear;7;1;11;1;1;8;0
melar;0;4;4;1;17;3;0
limpo;2;19;0;3;1;5;0
liderar;2;0;2;2;2;13;9
lamentar;7;2;7;4;0;5;2
jungmann;10;1;10;2;0;4;0
intercontinental;0;0;0;0;0;0;30
instalação;10;0;2;2;9;0;5
infra-estrutura;1;0;1;17;3;1;6
imaginar;14;0;2;10;1;1;2
ilegalidade;2;10;7;0;7;1;0
homologar;0;7;22;0;1;0;0
gebran;0;28;0;0;2;0;0
fichar;3;19;1;0;0;6;0
facilitar;1;1;0;8;8;8;4
expressar;6;4;3;2;0;3;12
experiência;19;0;1;3;1;0;6
existência;4;2;9;2;7;1;3
ex_executivos;0;4;12;0;14;0;0
específico;5;4;3;4;9;2;2
elevado;3;2;1;14;3;0;5
divisão;5;0;2;4;7;9;0
decretar;4;11;2;1;5;4;1
contexto;9;4;2;5;5;1;3
compartilhar;9;0;3;4;3;0;11
canal;3;0;1;5;4;2;13
bruno;1;11;9;2;0;3;0
ausência;4;6;0;4;6;10;0
advertir;1;0;0;1;0;2;26
absoluto;2;3;11;5;3;3;3
violento;9;0;0;19;0;0;0
transparência;1;1;12;12;1;2;0
tramitação;0;11;4;2;1;11;0
telefônico;0;1;20;0;1;0;6
telefone;10;2;7;3;2;0;5
tamanho;8;1;2;7;1;5;4
suspeito;7;6;7;2;4;1;1
rico;11;0;1;6;1;5;2
ribeiro;4;5;11;0;4;2;0
relativo;1;5;4;2;13;2;2
promotor;1;17;3;2;2;0;0
pressionar;2;1;2;2;8;1;13
presidir;2;4;7;4;3;6;2
preferir;3;8;4;0;2;7;5
natural;20;3;0;3;0;0;1
nascer;16;0;0;5;0;5;0
monica;6;1;3;0;18;0;0
mau;19;0;0;6;0;2;1
manobra;3;1;0;5;3;5;12
jeito;21;1;1;0;4;0;0
jantar;2;1;8;5;8;3;2
itália;13;1;1;5;3;1;3
guimarães;7;3;10;0;1;7;0
favorecer;3;0;2;5;16;1;2
estrangeiro;6;0;2;12;3;0;5
doar;5;0;2;7;9;2;0
dem_rj;0;1;1;0;0;27;0
contestar;3;12;4;1;7;2;0
consumo;0;0;0;25;0;0;0
conservador;14;0;0;4;1;7;3
complexo;16;2;3;5;1;1;1
caro;10;0;3;8;4;2;1
andrea;1;0;23;0;1;0;0
aliança;2;0;0;2;1;17;4
alertar;6;0;0;2;6;2;12
afastamento;2;15;8;1;0;1;0
adequado;3;1;0;17;2;4;2
voz;16;2;0;4;2;0;4
turno;0;0;0;0;1;24;0
tráfico;9;3;7;1;2;1;0
tcu;0;4;4;2;15;1;0
submarino;3;0;1;2;0;0;21
serra;8;1;1;0;5;9;0
referente;0;2;0;5;21;0;0
recusar;3;7;6;1;4;2;4
potência;0;0;0;1;0;0;26
pequim;0;0;1;2;0;0;25
luís;1;17;4;0;5;0;0
lutar;18;0;0;3;0;1;5
legado;8;0;0;11;0;4;2
islâmico;1;0;0;0;0;0;26
irã;5;0;0;1;0;1;20
interior;10;3;1;3;4;0;1
inimigo;7;2;2;5;0;3;8
importância;4;4;1;14;0;3;2
impor;5;3;2;0;1;2;14
imediato;3;6;2;3;3;6;5
fundamento;5;16;4;1;1;0;1
fronteira;5;0;1;4;1;0;16
francisco;12;4;8;0;0;1;0
fornecer;4;0;3;8;8;0;5
foguete;0;0;0;3;0;0;24
fator;8;2;1;11;1;4;0
estudar;12;4;3;3;0;3;2
estadão;7;2;6;0;0;12;0
elogiar;3;3;3;0;0;9;10
durar;11;3;0;4;2;5;3
deus;21;0;2;1;0;1;2
demanda;3;0;2;16;1;3;3
deflagrar;0;0;24;1;2;1;0
definitivo;0;11;1;9;3;3;1
daniel;7;4;8;0;4;3;0
crítico;9;1;2;4;1;7;3
confronto;2;1;0;4;1;1;6
conferir;8;2;7;4;1;1;4
classificar;2;4;2;8;1;3;8
caravana;12;2;5;0;0;5;0
bombardeio;0;0;0;0;0;0;26
bolsa;5;0;0;14;1;5;0
bastar;13;4;1;5;3;2;0
baseado;3;4;6;3;5;2;4
aproveitar;14;0;1;5;1;5;2
anúncio;6;2;1;0;0;6;13
amplo;6;7;1;7;0;3;4
afetar;10;2;3;7;1;1;4
venezuela;16;0;0;6;0;3;1
trânsito;2;4;0;6;1;1;0
tributário;1;0;1;17;3;4;0
trf4;0;23;0;0;3;0;0
tratamento;5;5;2;10;2;2;0
tese;5;11;2;1;6;1;1
submeter;2;5;4;3;6;4;2
sentir;10;3;1;1;1;8;1
retornar;6;7;2;1;3;8;0
renato;3;1;0;0;20;0;0
psol;1;3;2;0;1;19;0
provocação;3;1;0;0;0;2;21
protestar;6;1;0;0;1;4;1
propaganda;5;0;0;1;8;8;2
profundo;8;0;2;11;0;2;4
prioridade;9;0;2;8;0;2;6
primo;0;1;21;0;4;0;0
preservar;4;1;7;9;3;0;3
porta_aviões;0;0;0;0;0;0;26
orientação;8;1;4;0;10;3;0
orientar;3;1;3;2;15;1;1
ocidental;2;0;0;4;0;0;19
motivar;5;1;6;7;2;3;2
montar;2;3;4;3;4;4;3
mercadante;0;2;19;0;0;0;0
matéria;6;5;4;1;1;8;0
juntar;6;3;2;0;6;6;4
jaburu;1;0;21;0;4;1;0
instrumento;6;1;3;10;2;3;0
físico;10;3;1;10;0;0;0
fábrica;9;0;3;6;3;0;1
extremo;11;2;2;6;0;2;4
executar;5;3;0;2;11;2;4
euro;0;0;0;21;2;0;1
estrutura;13;2;0;4;2;2;1
esperança;5;2;0;11;1;2;6
domiciliar;0;10;13;0;1;0;0
diplomático;1;0;0;5;0;0;21
despesa;0;1;3;8;11;3;0
contratar;5;2;2;5;10;2;0
combinar;4;0;9;3;9;2;0
alteração;2;12;2;0;4;6;1
abandonar;4;0;1;9;0;2;11
índice;2;0;0;21;0;2;1
transporte;0;0;4;4;5;3;4
tramitar;2;15;3;2;0;3;0
tarefa;5;4;2;8;5;1;1
sul_coreano;0;0;0;1;0;0;24
sinal;10;0;0;6;2;3;5
pé;12;2;3;1;0;7;1
publicação;1;4;7;2;4;3;3
proteção;4;2;1;12;0;3;1
preocupar;9;0;1;8;0;5;2
premiado;0;3;15;1;4;2;0
porta;19;0;3;1;0;0;1
polêmico;5;3;2;1;1;13;1
petróleo;0;0;0;15;3;0;6
parado;9;3;1;3;2;3;2
padrão;11;1;3;8;1;0;2
pacto;0;1;0;7;11;1;5
ocupação;15;1;0;6;1;0;0
moon;0;0;0;1;0;0;24
maré;15;0;0;5;0;1;0
marinho;0;3;0;7;0;5;9
machado;0;1;19;0;4;0;0
louco;12;0;1;0;0;1;7
leniência;1;0;2;4;18;1;0
jorge;2;7;3;2;5;7;0
investir;7;1;0;11;4;0;0
inicial;1;9;1;2;12;0;1
gás;2;0;0;6;7;1;8
g20;10;0;0;9;0;2;3
frase;14;1;3;2;0;2;1
fenômeno;15;0;0;6;0;1;3
enfatizar;2;3;5;1;4;6;5
embargo;0;18;1;1;0;0;2
eliseu;0;0;11;0;2;13;0
e_mail;0;0;0;0;25;0;0
distribuir;6;1;2;3;9;4;1
disposto;7;1;1;1;1;3;12
demorar;4;9;0;5;2;5;1
cuba;17;0;0;0;0;1;4
conspiração;17;0;0;0;0;1;3
confiar;4;6;5;3;0;5;2
britânico;6;0;0;4;1;1;10
botar;20;1;2;2;0;1;0
benjamin;0;21;1;0;2;0;1
beneficiário;0;0;1;3;20;2;0
basear;9;3;2;5;4;0;2
aquisição;0;0;0;4;21;0;0
ampliar;5;5;0;10;2;3;1
alterar;1;6;1;8;1;4;4
alerta;3;0;1;5;4;3;10
absolvição;0;17;2;0;4;0;0
1o;2;5;8;0;5;4;2
ódio;20;1;0;1;0;0;1
vontade;9;1;2;2;2;3;4
venezuelano;16;0;0;3;0;5;0
transação;0;0;2;2;17;0;3
terrorista;4;0;0;0;0;0;17
televisão;4;1;1;3;4;4;6
superar;2;1;0;16;3;1;2
substituir;2;12;2;2;1;5;1
seguro;4;0;0;8;6;1;6
retaliação;2;1;1;1;0;8;12
representação;1;5;4;7;1;5;0
renunciar;0;2;7;0;1;13;2
quilômetro;5;1;1;2;1;0;15
provável;6;3;2;2;0;5;6
processual;1;14;9;0;1;0;0
previsão;5;4;1;8;0;6;1
posicionar;7;2;1;0;1;8;5
peso;3;2;2;10;1;1;5
pacote;4;3;1;2;5;4;5
operar;5;2;2;5;5;0;4
normal;12;3;3;2;3;2;0
natureza;11;3;5;4;1;1;0
meta;3;0;0;15;1;3;2
marun;1;4;4;0;0;16;0
marca;5;0;4;6;6;2;0
lucro;1;0;0;13;8;1;0
licitação;0;9;3;1;11;1;0
jair;3;1;0;0;0;21;0
item;1;2;0;1;19;1;0
influenciar;6;3;1;7;5;3;0
haddad;1;0;1;0;2;18;0
gosto;16;0;0;2;2;2;0
fraude;0;7;11;3;3;1;0
fiscalização;1;1;11;8;2;0;1
etapa;2;2;8;2;6;3;0
estrada;13;0;3;5;2;0;1
endereço;4;3;6;1;9;0;0
edição;5;0;7;3;3;3;1
dispor;0;0;1;7;8;3;5
determinação;4;2;3;1;3;2;10
desemprego;4;0;0;18;0;2;0
desejar;12;1;0;4;0;1;7
descrever;5;2;4;1;10;1;1
descartar;4;4;1;3;1;7;4
delito;1;11;8;3;2;0;0
delcídio;0;1;20;0;0;0;0
cuidar;6;2;1;2;7;5;1
comitê;5;1;1;8;0;1;8
centrão;1;0;2;0;0;19;0
carolina;14;4;3;0;0;3;1
braga;4;0;5;8;3;2;0
belo;7;0;10;3;1;2;0
avançado;0;1;0;15;1;2;5
amarillo;13;0;0;1;1;0;2
adversário;11;4;1;0;0;9;0
abin;2;1;19;2;0;0;0
ônibus;7;0;0;0;2;1;0
índio;4;0;1;2;0;0;16
áfrica;2;1;0;10;3;1;6
urgência;3;4;2;3;0;10;0
título;9;2;0;6;4;1;2
tranquilo;10;2;6;1;4;1;0
sozinho;12;0;2;0;5;1;3
satélite;0;0;3;0;0;0;19
rumo;4;0;7;8;0;2;1
retomar;3;6;4;2;3;4;2
reserva;5;0;2;3;12;2;0
recuperação;3;1;0;5;3;10;0
quadro;10;2;0;6;3;0;0
preto;6;0;2;1;7;4;1
prestação;0;1;6;0;15;0;0
ponte;4;1;1;3;2;9;1
pib;0;0;0;22;0;0;0
pezão;2;1;0;2;1;15;0
perseguir;9;3;1;3;3;2;2
ouro;7;0;3;5;6;2;0
objetivo;5;3;4;0;0;3;9
moscou;1;0;0;0;0;0;23
missão;6;2;2;3;4;1;6
mineiro;3;2;9;1;3;4;0
litoral;3;1;3;1;15;0;1
juro;2;1;1;17;1;0;0
interromper;4;2;2;3;2;3;7
integração;0;0;10;5;5;1;0
instalar;4;1;6;2;4;2;4
inocente;2;10;2;0;4;1;5
ilha;4;1;1;1;3;0;14
herman;0;22;0;0;2;0;0
habitante;1;0;1;16;0;3;1
foco;4;2;2;10;1;4;0
emílio;0;0;0;1;22;0;0
empréstimo;0;0;2;11;10;0;0
efetivo;6;4;0;5;2;0;7
diretor_geral;7;0;12;0;2;3;0
corrigir;2;4;5;6;2;2;2
comprometer;1;4;3;3;6;3;4
colunista;0;0;20;0;0;1;0
celular;7;0;6;1;6;0;0
campino;3;1;2;5;2;4;0
c;12;3;2;2;1;1;0
bashar;0;0;0;0;0;0;24
atentado;10;4;0;2;0;1;4
arquivamento;0;8;6;0;1;7;0
aposta;0;3;1;5;2;1;12
apelo;1;10;0;0;2;5;6
alexandre;6;13;1;0;2;2;0
alemanha;15;0;0;1;0;0;8
acertar;5;0;4;0;12;0;0
ótimo;7;0;6;5;0;4;0
vladimir;0;0;0;1;0;1;21
vitória;3;2;1;1;1;11;2
sócio;4;1;3;3;10;0;2
sequência;3;2;7;0;4;3;3
rural;6;0;1;8;1;1;0
rex;0;0;0;0;0;0;23
requerimento;0;9;0;0;2;11;0
relembrar;7;3;6;1;3;0;3
pré_candidato;2;1;0;0;0;18;0
prender;3;10;6;1;1;0;0
petição;1;1;11;1;8;1;0
paulsen;0;18;0;1;2;0;0
parlamento;4;1;0;2;0;11;5
parceiro;8;2;0;5;2;0;4
palestra;10;3;3;1;1;1;0
ordenar;6;2;2;2;2;1;8
okamotto;0;10;0;0;12;0;0
né;13;0;5;0;2;3;0
méxico;5;0;0;6;1;4;7
mdb;4;3;0;0;0;16;0
manutenção;2;7;3;5;3;0;1
lidar;10;0;0;1;0;3;9
latino;9;0;0;9;3;1;0
jucá;1;0;16;0;1;5;0
jinping;0;0;0;2;0;0;21
independência;1;5;3;2;0;4;7
graça;12;4;0;3;1;0;3
gleisi;5;5;2;0;9;2;0
formação;3;6;2;7;2;2;1
facção;0;0;3;4;0;1;1
empresarial;2;0;8;8;2;2;0
dólar;2;0;0;11;7;0;0
déficit;0;0;0;18;0;0;3
dezena;3;5;1;1;5;0;3
detalhar;1;0;1;0;17;2;2
câmera;13;0;3;1;1;0;0
crescente;5;0;0;6;0;1;11
corrêa;1;6;3;1;10;0;0
corrente;2;1;0;11;9;0;0
comunicar;4;1;2;2;4;2;8
cometido;2;9;11;1;0;0;0
clima;9;2;0;2;1;3;3
ciar;6;0;0;0;6;1;9
carreira;16;1;0;3;0;1;1
básico;1;0;0;20;0;2;0
barbosa;0;1;7;4;2;7;0
aço;0;0;0;11;0;2;8
aval;0;4;16;3;0;0;0
ambiental;5;2;0;12;3;0;1
alternativo;6;1;2;0;2;7;4
alemão;14;0;0;4;0;0;4
valorizar;17;0;0;4;0;1;0
usuário;7;0;0;8;3;2;0
tornozeleira;0;3;19;0;0;0;0
testar;0;0;0;1;0;0;20
semelhante;5;5;2;0;2;2;6
saldo;2;0;1;3;12;0;0
revogar;2;10;0;0;0;9;1
resumir;8;1;3;4;0;2;4
reclamar;8;2;6;1;1;2;1
rebater;3;6;4;0;6;3;0
psb;0;0;1;1;0;19;0
proprietário;1;1;1;1;17;1;0
pdt;0;0;0;0;3;17;0
patrimônio;1;3;6;12;0;0;0
ocupado;8;7;4;1;0;0;2
obrigação;3;0;1;8;2;3;2
movimentação;9;0;2;1;8;1;1
madrugada;12;3;1;0;0;4;1
limitar;1;4;0;7;2;1;7
leitura;7;6;1;2;1;2;1
jardim;4;1;13;0;2;0;1
interpretação;1;11;3;2;0;1;1
indenização;1;12;1;1;6;0;0
geraldo;0;0;0;0;0;22;0
fundação;5;2;0;5;2;3;4
finalidade;2;7;4;1;4;1;2
destruição;5;0;1;6;0;0;10
deltan;12;5;4;1;0;0;0
dedicar;10;2;3;2;2;2;1
cuidado;6;0;1;4;0;8;0
costumar;12;1;0;6;0;0;3
convencer;3;0;1;1;5;8;3
consideração;3;11;1;4;1;1;1
competência;2;6;3;8;0;3;0
cogitar;3;1;5;0;1;7;4
cobrir;3;1;1;6;8;0;1
cientista;12;0;0;0;0;4;4
cadeira;9;0;7;0;0;5;0
bumlai;0;2;0;0;19;0;0
avisar;8;1;2;0;7;2;1
atualização;1;1;11;3;4;1;0
atribuição;5;4;3;8;0;1;1
atibaia;0;1;0;0;21;0;0
assinatura;1;1;0;1;7;9;2
arsenal;2;0;0;0;0;0;20
apresentação;5;4;3;2;1;6;0
angola;0;0;0;7;11;0;0
alimento;0;0;0;19;0;0;1
alexandrino;2;0;0;0;17;0;0
agravar;3;2;1;6;0;5;5
acionar;1;5;9;2;1;0;2
absurdo;5;3;4;3;3;3;1
visar;0;4;1;9;2;0;5
violar;3;6;2;0;0;1;6
verba;2;0;1;10;2;5;0
terrorismo;2;2;0;1;0;1;12
tendência;2;0;2;10;0;2;5
surpresa;8;0;3;2;1;4;2
sucessor;10;2;5;1;0;1;2
secreto;7;1;1;2;2;1;7
rossi;0;0;1;0;13;1;0
retorno;8;1;3;4;1;3;0
reafirmar;3;3;4;1;5;2;3
quebra;1;4;10;2;4;0;0
processar;5;9;3;2;0;1;0
precedente;6;6;1;0;1;2;5
potencial;0;2;2;6;0;3;8
perseguição;7;8;0;1;3;0;0
pensamento;11;0;2;1;0;4;2
particular;3;3;1;8;2;2;2
pacheco;1;1;16;0;0;0;0
osmar;5;0;14;0;0;1;0
oab;2;7;8;0;0;1;0
nordeste;2;0;0;10;1;1;6
mapa;2;0;5;11;0;3;0
interessar;5;0;3;4;2;5;2
inteiro;11;0;1;4;2;1;2
importação;0;0;0;14;1;0;5
ideológico;8;3;0;2;1;3;3
horário;2;1;0;7;0;1;10
greve;10;3;0;3;0;0;0
globalização;5;0;0;9;0;0;6
fux;0;16;2;2;0;0;0
formal;2;1;2;6;6;2;2
fab;8;0;9;1;1;0;0
exame;0;3;2;14;1;0;0
evidência;2;4;3;4;3;3;1
essencial;4;2;0;7;0;4;3
esplanada;0;0;2;0;1;4;0
esconder;5;0;6;0;6;2;2
energia;9;0;1;8;1;2;0
edifício;4;0;0;3;12;0;1
doutor;1;0;2;1;14;0;0
distribuição;1;0;5;3;7;3;1
devolver;0;3;3;4;5;4;1
detenção;0;14;2;1;1;0;0
detectar;0;0;2;1;2;0;16
decidido;4;3;1;6;2;0;5
credibilidade;3;1;5;4;1;3;4
corporação;8;0;6;6;0;0;0
claudio;0;2;7;0;10;1;0
chuva;9;0;0;9;0;0;1
carl;2;0;0;0;0;0;19
candidatar;2;5;0;1;0;13;0
autoria;1;3;4;3;0;9;0
augusto;5;0;0;0;11;3;0
aplicação;3;10;0;6;1;0;1
andrade;0;0;4;1;9;3;0
aluguel;0;0;0;3;17;0;0
agressão;6;1;0;1;0;1;10
adesão;4;1;0;2;4;3;0
aceito;0;3;6;3;8;0;0
zanon;0;0;16;1;0;0;0
visitar;4;0;0;2;4;1;9
tô;10;0;7;0;2;1;0
sarney;4;1;7;0;1;6;0
reverter;0;11;1;4;1;2;1
restar;2;1;2;2;4;6;3
requisito;0;8;3;4;1;2;0
refinaria;0;0;0;4;12;0;0
presa;4;4;9;1;0;1;0
pp;1;1;4;2;5;7;0
posicionamento;6;4;0;1;0;5;0
pcdob;1;1;0;0;6;10;0
orçamentário;0;0;1;18;0;0;0
máquina;8;0;1;2;1;3;4
moraes;6;12;1;0;0;1;0
liberal;6;0;0;3;0;4;7
legalidade;2;7;1;2;5;1;0
israel;2;0;0;1;0;0;16
interferir;2;2;7;4;3;1;1
impossível;8;2;1;2;2;3;2
imigrante;16;0;1;1;0;0;0
identificado;2;1;3;4;7;0;1
homenagem;10;1;0;0;0;4;2
guardar;7;2;3;0;7;0;0
guam;0;0;0;0;0;0;20
gravidade;7;10;3;0;0;0;0
futebol;9;0;0;3;3;4;0
funcionamento;5;1;0;9;1;1;0
fiscalizar;1;3;5;6;2;1;0
expressão;10;5;1;1;0;0;2
exigência;1;0;1;6;3;8;1
exclusivo;2;3;4;3;0;5;3
estimativa;0;0;0;7;2;2;0
estabilidade;1;0;1;7;2;5;2
estabelecimento;3;0;0;8;3;2;1
doença;15;0;0;5;0;0;0
documental;0;3;0;0;16;0;0
diário;5;0;1;2;4;6;1
disponível;2;3;3;4;2;1;4
disparar;0;1;2;1;0;1;15
desejo;10;0;0;2;1;0;7
depósito;1;0;0;7;7;0;5
correção;2;4;10;2;2;0;0
contratação;2;0;1;2;15;0;0
contrapartida;0;1;0;2;15;2;0
compreender;1;0;0;13;0;4;1
compliance;0;0;1;12;6;0;0
chegada;4;2;1;0;0;1;12
categoria;3;0;0;6;0;1;0
carga;0;0;4;11;2;1;2
cade;1;1;9;0;6;0;0
bahia;9;0;2;1;3;1;0
autonomia;6;0;0;8;1;3;1
ator;15;0;0;1;1;2;1
antecessor;0;3;5;1;1;1;8
alimentar;8;0;0;5;2;0;5
al_assad;0;0;0;0;0;0;20
abordar;7;2;0;1;2;4;3
zé;9;6;1;0;0;2;0
wagner;3;0;2;0;11;2;0
vinson;0;0;0;0;0;0;19
uss;0;0;0;0;0;0;16
unir;5;0;0;1;0;4;5
tocar;11;1;2;5;0;0;0
temporário;0;10;1;4;1;3;0
substituto;0;11;1;1;0;5;0
ritmo;3;0;1;7;1;1;5
revelação;2;1;6;4;3;1;2
restringir;0;8;1;2;0;4;4
requerer;5;7;3;0;2;0;2
relevante;4;1;2;5;4;2;0
reino;2;0;0;2;0;1;14
regular;0;2;6;9;1;0;1
recuperar;5;0;1;6;5;2;0
recado;7;0;1;2;2;4;3
racismo;11;0;0;4;0;0;0
questionamento;3;5;6;0;3;1;0
promessa;2;1;0;6;3;3;3
proferido;1;15;1;0;2;0;0
prevenção;5;0;1;10;0;1;2
poderoso;3;1;1;2;1;0;10
pmdb_pr;0;1;16;0;0;0;0
pm;0;1;1;0;0;1;0
permanente;4;0;2;8;2;0;1
pedra;12;0;1;2;0;0;0
participante;2;1;2;0;0;0;0
olho;12;2;0;3;0;1;1
ogiva;0;1;0;0;0;0;17
ofício;2;9;4;0;3;0;0
ocde;0;0;0;14;0;1;2
norte_americano;1;0;0;2;0;0;16
nelson;0;2;2;0;7;7;0
mudo;9;1;0;1;0;5;2
mover;7;3;2;3;1;1;2
mobilizar;7;3;1;1;0;0;7
miller;0;0;16;0;2;0;0
milhar;6;1;0;3;2;1;4
medeiros;1;3;8;1;3;1;1
licença;4;3;6;2;0;2;1
leste;1;0;2;1;0;1;14
justo;12;1;0;1;2;1;2
jae_in;0;0;0;0;0;0;19
jacob;0;12;2;4;1;0;0
inventar;2;0;1;1;7;0;8
individual;9;5;0;0;0;1;0
governança;0;0;0;15;4;0;0
figura;7;1;1;4;2;3;0
fechamento;2;1;2;4;4;5;0
extremista;5;0;0;2;0;0;10
explodir;4;0;1;2;0;0;11
exato;5;2;7;1;0;0;3
ex_presidentes;1;1;12;0;5;0;0
errar;8;4;1;1;0;3;0
engevix;0;3;0;3;13;0;0
discursar;5;1;3;3;0;6;1
diplomacia;1;0;0;0;0;0;17
destino;7;2;0;4;5;0;0
despacho;0;10;4;1;3;0;0
desdobramento;0;3;9;1;4;1;1
custar;3;1;0;8;6;0;0
curto;3;2;0;3;0;0;11
culpa;1;5;0;7;3;2;0
critério;2;4;0;5;4;3;0
cortar;10;0;0;3;0;1;4
contabilizar;1;0;1;7;6;2;1
condução;1;3;8;4;0;3;0
concorrer;0;0;0;1;0;18;0
comunista;9;0;0;1;0;1;8
cio;0;0;0;0;19;0;0
científico;10;1;1;3;0;0;4
caráter;6;5;3;2;2;1;0
carvalho;6;4;5;1;2;1;0
bendine;0;0;3;0;14;0;0
barrar;0;4;6;1;0;7;0
barack;1;0;0;1;0;0;17
atrapalhar;1;0;6;3;0;9;0
aproximar;6;1;2;1;2;1;6
apresentador;2;0;0;1;0;8;8
aprender;14;0;0;3;0;0;2
apontado;0;8;3;1;6;0;1
aplauso;0;0;0;0;0;5;0
amaral;1;0;16;1;0;0;0
ásia;1;0;0;1;0;1;15
virtude;10;1;3;1;0;0;0
violação;3;1;3;4;2;0;5
uruguai;6;1;1;9;0;0;0
tríplex;0;9;0;0;9;0;0
transportar;2;0;1;4;1;0;10
tarifa;0;0;0;9;4;0;4
soldado;3;0;0;1;0;1;11
soares;2;4;6;0;6;0;0
significativo;1;0;0;9;1;1;5
separar;8;2;2;0;0;1;5
seguido;5;0;0;9;1;0;3
sala;7;3;0;5;2;0;0
rogério;1;2;9;1;0;2;0
revolução;16;0;0;0;0;1;1
resistência;8;0;0;1;0;8;0
resistir;6;0;1;4;0;5;2
requião;0;12;1;1;0;1;0
razoável;4;9;2;0;0;2;0
radar;4;0;0;2;0;3;8
procuradora_geral;1;0;15;1;1;0;0
previdenciário;0;0;0;4;0;14;0
preconceito;11;0;0;3;0;0;2
postura;0;3;3;0;0;7;5
postar;10;1;3;0;0;1;3
perícia;1;1;2;4;9;0;0
pautar;4;6;3;3;1;1;0
parceria;4;0;1;10;1;0;2
mentir;4;1;5;0;4;3;0
massa;6;0;0;4;1;0;7
jefferson;4;6;3;0;1;4;0
investidor;4;0;0;8;4;2;0
intolerância;13;1;0;0;0;0;0
intenso;4;0;0;7;4;2;0
indireto;1;0;2;2;0;11;1
independente;8;0;1;3;1;1;3
inaudível;7;0;5;0;0;0;0
ina;0;0;0;0;18;0;0
impressão;8;1;1;4;2;1;1
ignorar;8;1;0;1;0;1;7
horizonte;6;0;8;0;0;1;1
fugir;5;5;1;4;0;2;0
frio;3;2;0;1;3;0;9
fluminense;2;4;2;6;0;4;0
fernandes;2;2;3;0;8;2;0
federação;2;0;5;4;0;6;1
exportar;0;0;3;11;0;0;3
excluir;1;1;5;5;1;2;2
ex_primeira_dama;0;0;0;0;18;0;0
escalão;6;0;0;1;2;3;5
diretório;0;2;3;0;4;8;0
desempenho;0;2;0;11;0;5;0
desconfiança;3;0;1;6;3;3;2
derrota;5;0;1;0;0;6;5
depor;3;1;8;0;5;1;0
demonstração;2;3;2;0;4;0;7
dallagnol;10;4;1;3;0;0;0
corrupto;11;2;2;1;1;1;0
correto;6;4;1;2;1;2;2
cooperativa;1;0;1;2;12;0;0
convite;1;0;2;1;4;7;1
constatar;2;8;1;5;1;0;1
confessar;2;5;3;1;6;0;0
complementar;0;6;4;1;5;1;1
começo;4;0;4;1;3;3;3
combustível;0;1;0;1;0;0;15
cofre;1;2;3;3;7;1;0
cobra;2;1;0;7;3;4;0
clique;1;0;13;0;1;1;0
breve;6;0;0;3;1;3;5
blog;0;2;12;0;1;3;0
bastidor;2;1;2;0;2;8;3
baixar;3;0;2;11;1;1;0
articulação;2;0;8;0;0;8;0
arquivar;2;5;8;0;2;1;0
argentino;6;0;1;8;2;0;0
aproximação;5;1;0;4;0;4;4
aplicativo;2;0;0;3;1;4;0
apelação;0;12;0;1;4;0;0
alvorada;1;1;1;1;12;2;0
alencar;1;0;1;2;13;1;0
ajuste;0;0;1;7;1;9;0
administrar;2;0;0;5;9;0;1
adiantar;9;0;0;0;3;6;0
acolher;0;12;1;0;2;1;2
zeze;5;0;12;0;0;0;0
véspera;6;2;4;0;2;0;3
viabilizar;0;0;0;2;8;6;1
unanimidade;1;12;0;1;1;1;1
trajetória;10;0;0;1;0;5;1
titular;0;4;5;0;2;6;0
surpreender;8;0;1;2;0;2;3
sonho;10;0;0;1;0;1;4
sangue;2;0;0;0;11;0;4
rodovia;0;2;6;3;2;0;0
revisor;0;13;0;0;2;0;0
repudiar;3;4;6;2;2;0;0
reconhecimento;5;4;0;1;1;0;1
ramo;5;0;6;1;4;1;0
quantidade;8;2;1;1;0;2;2
proibição;3;2;1;5;0;0;4
primeiro_ministro;4;0;0;0;3;1;8
prevalecer;3;1;0;10;0;2;1
pmdb_al;0;4;3;0;1;9;0
pista;6;0;5;1;1;0;1
pesquisador;7;0;0;7;0;0;3
perfil;8;1;1;2;1;1;3
pensão;0;1;0;6;10;0;0
passagem;3;2;1;5;0;3;0
paris;7;0;0;5;0;0;4
parcela;0;0;4;9;4;0;0
organizador;1;0;0;1;0;2;0
onda;8;0;0;2;2;0;4
ocorrência;2;4;3;8;0;0;0
núcleo;4;2;6;2;3;0;0
notório;1;3;10;2;1;0;0
mobilização;6;1;0;4;0;4;2
mata;11;0;1;0;0;1;0
marginal;12;0;1;0;0;0;0
liberação;2;3;5;1;3;3;0
lewandowski;3;12;2;0;0;0;0
leandro;1;12;2;1;1;0;0
irresponsável;4;1;1;1;0;1;9
indivíduo;7;0;0;6;1;0;3
incentivar;2;1;2;9;0;1;2
igreja;10;1;0;0;0;4;0
ideal;8;1;0;4;1;3;0
hotel;11;0;2;2;1;1;0
goiás;0;2;4;1;1;3;0
gesto;6;1;6;1;0;1;0
frango;0;0;5;6;3;0;1
forçar;7;2;2;0;1;1;4
flagrar;1;4;8;0;3;0;0
firme;9;3;0;0;0;1;4
favela;13;0;0;2;0;0;0
explicação;6;0;3;3;3;0;2
exceção;3;1;1;8;1;2;0
estudante;12;0;0;1;0;0;0
estimular;3;1;0;8;0;0;3
engenheiro;3;0;0;1;12;0;0
encerrar;5;3;2;4;1;1;0
emergente;1;0;0;12;0;0;2
elaborar;3;3;1;3;3;3;1
dignidade;4;4;1;3;0;3;0
desculpa;2;1;0;8;1;3;1
desafiar;2;0;0;1;0;1;12
democrata;8;1;0;0;0;3;5
cristiane;0;6;2;0;0;9;0
consultoria;0;2;0;6;8;1;0
constante;0;2;0;6;4;1;3
chile;8;0;1;5;0;1;2
chefia;0;2;14;0;0;0;0
carregar;5;2;6;0;1;0;1
carnaval;7;0;2;1;0;4;0
bilateral;2;0;0;3;0;0;11
avenida;3;0;0;0;0;5;0
armamento;3;0;0;0;0;1;13
aprovado;1;0;0;3;5;5;1
vitale;1;0;3;1;8;2;0
urna;2;0;0;1;0;13;0
transmitir;10;0;2;0;1;1;2
torquato;3;0;12;1;0;0;0
tona;1;0;4;2;1;5;3
tesouro;0;0;1;10;1;1;1
sentar;10;0;1;0;1;3;1
rota;2;0;0;11;0;0;2
referido;4;2;5;0;4;0;0
recessão;1;0;0;13;0;0;0
passageiro;0;0;0;9;1;1;0
papua;9;0;0;5;0;0;2
optar;4;0;0;0;8;1;2
opor;4;0;0;1;0;1;10
new;0;0;0;0;0;0;3
naval;2;0;0;0;0;1;12
mineração;8;0;2;4;2;0;0
merecer;5;3;1;1;1;3;1
mecanismo;0;0;1;11;0;0;2
margem;3;1;1;7;4;0;0
luis;0;0;4;0;10;1;0
luciano;2;1;0;0;2;11;0
links;0;0;0;15;0;0;1
levantamento;1;2;3;6;0;2;1
invadir;5;2;0;2;0;4;2
indulto;7;2;0;1;1;4;0
incentivo;3;0;0;4;8;1;0
inaceitável;4;2;0;1;1;0;7
identificação;6;2;2;4;1;1;0
identidade;8;1;1;2;0;0;1
hilberto;0;0;0;1;14;0;0
hamburgo;8;0;0;2;0;1;3
haley;0;0;0;0;0;0;16
gustavo;5;0;0;0;7;4;0
ft;4;0;0;8;0;0;0
fortalecimento;7;1;2;4;0;1;1
foloni;6;0;5;0;2;1;0
folha;9;1;1;3;1;0;0
flagrante;1;8;1;1;0;2;1
fila;1;0;0;10;1;0;0
falhar;1;0;0;1;0;2;10
facebook;6;0;4;0;0;2;1
extraordinário;2;3;0;5;0;1;2
excesso;5;3;1;1;0;1;1
ex_prefeito;0;1;1;0;4;9;1
especulação;2;1;2;5;0;3;2
espanhol;6;0;0;4;0;0;5
espalhar;11;0;0;3;0;0;2
dificultar;0;7;0;2;1;4;2
dermeval;0;0;0;0;15;0;0
depositar;0;0;8;0;7;1;0
decorrente;0;4;1;3;6;0;2
cópia;1;0;6;2;5;0;1
cálculo;0;0;0;2;0;5;7
contradição;1;2;0;0;13;0;0
consultar;2;1;2;1;7;2;1
conselheiro;0;1;2;1;1;1;8
consciência;3;1;1;8;1;2;0
comandante;2;3;2;1;1;2;4
cláudio;3;1;3;0;9;0;0
cheio;11;1;0;1;2;0;1
chave;4;2;0;3;3;1;3
centro_direita;2;0;0;0;0;12;0
centena;3;4;1;0;2;0;5
ccj;0;0;4;0;0;12;0
característica;10;0;0;0;0;0;6
caminhar;4;0;0;4;1;6;1
camex;1;0;0;6;8;0;0
batizar;3;0;7;4;0;1;1
art;0;12;0;0;2;2;0
aposentado;7;1;1;3;0;0;1
anular;5;8;0;0;1;2;0
afetado;1;1;0;6;1;1;2
adiar;2;9;0;0;1;2;2
acm;2;0;0;2;0;12;0
acertado;0;4;1;2;5;3;0
8a;0;16;0;0;0;0;0
volume;0;0;1;10;4;0;0
vigor;3;0;0;1;0;3;7
viana;2;4;1;1;3;4;0
verde;2;0;3;2;6;1;0
velocidade;5;4;0;3;1;0;0
vaccarezza;1;1;4;0;5;3;0
tolerância;9;3;1;0;0;0;0
terço;1;0;0;6;0;7;0
teatro;10;1;0;0;1;2;1
solaris;0;0;0;0;15;0;0
saneamento;0;0;0;12;1;2;0
salvar;2;3;1;5;1;1;1
retomada;2;0;0;3;0;7;3
responsabilizar;4;5;0;1;0;0;5
remeter;1;9;2;0;0;1;0
relatoria;0;6;6;0;0;3;0
recolher;3;2;0;3;7;0;0
raça;7;0;0;5;0;0;2
quantia;1;0;5;0;8;0;0
péssimo;0;0;0;8;1;3;0
proximidade;0;0;1;2;3;0;5
pobreza;2;0;0;13;0;0;0
pac;9;0;0;0;1;0;0
moderno;8;0;1;5;0;1;0
mero;1;2;3;5;2;0;1
merda;10;0;3;0;0;2;0
irregular;0;1;6;4;4;0;0
intelectual;12;1;1;0;0;0;1
inflação;1;1;0;12;0;0;0
inadequado;4;1;1;0;2;4;1
hídrico;1;0;0;13;0;0;0
hotmail;10;0;0;1;0;3;0
hostil;3;0;0;1;0;0;11
haiti;2;0;0;11;0;0;0
gay;9;2;0;1;1;0;1
fruto;6;1;3;3;1;0;0
fornecedor;0;0;0;4;8;2;0
festa;12;0;0;0;0;2;0
ferreira;3;4;3;1;2;2;0
favorecimento;0;0;1;2;11;1;0
faturamento;0;0;1;11;2;0;0
famoso;8;0;4;1;1;1;0
falha;5;0;0;5;2;2;1
exportador;0;0;0;14;1;0;0
exploração;1;0;0;10;1;0;2
evidente;5;5;0;0;4;1;0
estruturado;1;0;1;2;9;2;0
escalada;2;1;0;0;0;1;11
equilíbrio;3;0;0;5;0;0;6
elite;7;0;0;4;2;0;2
digital;4;0;1;1;6;2;1
derrotar;2;0;0;0;1;6;6
david;11;0;0;0;0;0;3
coordenar;4;0;0;6;3;1;0
coordenador;3;2;3;1;0;3;0
consenso;9;0;0;0;0;2;1
compor;0;4;1;1;1;2;2
companheiro;8;2;1;1;1;2;0
comemorar;0;1;2;2;1;7;2
cidadania;0;1;2;10;0;2;0
ceder;2;1;1;2;2;6;1
ceará;1;0;0;1;0;6;0
caça;0;0;0;1;7;0;7
cautelar;0;7;6;0;2;0;0
cardoso;0;0;1;0;4;9;0
bretas;2;11;1;0;1;0;0
braço;1;2;1;4;6;0;1
bombardear;1;0;0;1;0;0;13
boi;8;0;2;3;0;1;0
bandeira;5;0;0;0;0;5;0
bancar;5;1;0;3;6;0;0
atendimento;5;1;1;7;0;0;0
aspecto;3;3;0;3;2;2;2
armamentista;0;0;0;0;0;0;15
aplaudir;7;0;1;2;0;2;0
aparelho;6;0;2;2;5;0;0
anistia;4;1;4;0;0;6;0
amazona;4;0;1;3;0;4;0
altura;8;0;1;1;0;2;2
alternativa;5;4;0;2;0;2;1
alberto;0;1;7;0;3;4;0
afp;0;1;1;0;0;0;13
acontecimento;5;0;1;0;2;4;2
abar;2;0;0;1;0;0;11
álvaro;0;2;0;0;2;10;0
yuka;12;0;0;0;0;1;0
vermelho;3;0;0;2;3;0;4
vargas;9;0;0;2;2;1;0
utilização;1;2;5;0;3;1;1
transcrição;1;1;11;0;0;0;1
tradicional;5;0;0;6;1;0;2
tasso;1;1;5;0;0;5;0
superintendência;0;1;12;1;0;0;0
sujeito;2;3;2;4;0;0;3
suborno;0;0;5;1;8;0;0
sonoro;5;1;0;0;0;8;0
solicitação;0;1;2;4;4;3;0
similar;0;1;0;4;4;1;4
sentimento;9;0;0;0;0;3;1
sadi;0;0;12;0;0;2;0
rotina;7;1;4;0;1;0;1
romper;2;1;0;9;1;0;1
romero;1;0;10;0;0;3;0
revisão;0;4;3;1;0;4;2
rever;6;2;3;0;0;1;1
restante;2;0;1;5;3;1;1
regimento;0;5;0;0;0;9;0
reduzido;1;2;0;6;1;2;2
querido;5;3;2;0;3;1;0
progresso;2;0;0;3;0;0;9
prisional;0;4;0;6;0;4;0
pmdb_ce;0;0;3;0;0;11;0
picciani;0;2;0;0;0;11;0
permanência;3;1;3;0;0;3;4
perito;2;0;10;1;1;0;0
perdão;1;1;2;3;3;1;3
percorrer;1;0;0;2;0;1;9
percentual;1;0;0;10;3;0;0
parágrafo;0;8;0;0;4;2;0
paralelo;6;1;0;1;2;1;3
pago;0;0;0;1;12;0;0
paciência;1;0;0;0;0;0;11
ong;2;0;0;9;0;1;2
oferta;0;0;0;9;3;0;2
oceano;3;0;0;1;0;0;10
obrigatório;1;0;0;8;0;3;0
nogueira;0;0;4;2;7;1;0
nascimento;3;1;3;2;0;0;3
mérito;3;6;0;0;0;2;0
montante;0;0;0;4;10;0;0
militante;5;1;0;2;0;3;1
michel;10;0;0;0;0;0;0
michael;3;0;0;1;0;1;9
mexer;9;0;1;3;0;0;0
luxo;5;0;0;1;8;0;0
locação;0;0;0;0;13;0;0
lobista;0;0;5;0;9;0;0
legítimo;0;0;2;6;1;1;4
leal;2;0;4;2;5;0;1
khan;3;0;0;0;0;0;10
justificativo;2;2;2;3;1;0;2
joaquim;2;2;2;2;2;4;0
isolado;3;0;1;2;0;1;7
interpretar;5;1;0;1;0;2;4
interino;0;0;5;0;0;6;2
injusto;5;4;0;1;0;3;1
indiciar;0;0;7;0;1;5;0
indagar;5;0;2;1;3;3;0
implicar;0;2;1;4;2;1;4
illuminati;13;0;0;0;0;0;1
homenagear;4;0;0;1;0;2;0
hoffmann;3;1;2;0;6;2;0
guardian;1;0;1;4;0;0;4
grécia;0;1;0;8;2;0;0
governante;4;0;0;6;0;1;3
globonews;0;0;8;0;2;4;0
gerenciar;0;0;0;5;7;1;0
ganho;0;0;1;6;5;1;0
fortalecer;0;0;0;7;0;3;4
formado;3;5;0;1;1;3;0
florianópolis;10;0;1;0;0;1;0
filiar;0;0;0;0;1;13;0
ex_tesoureiro;0;5;1;0;8;0;0
estranho;5;2;4;0;0;3;0
escala;2;0;0;4;0;0;7
enfrentamento;11;0;0;1;0;1;1
endividamento;0;0;0;11;0;2;1
emprestar;2;0;0;3;8;0;0
empregado;1;0;1;10;0;0;0
embasar;6;0;2;2;4;0;0
eliminar;6;0;2;1;0;0;5
editorial;3;0;0;8;0;0;1
documentação;0;6;3;2;3;0;0
disparo;1;0;2;0;0;0;11
diplomata;0;0;0;3;2;0;9
dimas;6;0;0;3;1;1;0
dilma_michel_temer;0;11;0;0;3;0;0
decorrência;0;2;4;1;3;3;0
decisivo;5;1;1;0;2;4;1
cozinha;4;0;0;0;7;0;0
cota;0;0;0;0;14;0;0
corrida;1;0;0;1;0;3;9
continuidade;2;2;2;4;3;0;1
consulta;3;0;2;3;0;3;1
conservação;0;0;0;11;1;0;0
confusão;7;1;1;1;0;1;1
confirmação;1;4;4;3;0;1;1
collor;9;1;0;1;0;1;0
colegiado;1;11;0;1;0;1;0
cirurgia;1;0;1;9;0;2;0
celebrar;1;3;0;0;6;0;4
cbn;1;0;0;3;0;9;0
bloqueado;1;2;1;0;10;0;0
bloco;2;2;1;3;2;2;2
bacelar;0;0;5;0;5;0;0
atômico;3;0;0;0;0;0;11
atestar;5;2;1;2;3;0;1
assassinato;3;1;1;2;0;3;2
apurado;2;8;3;0;1;0;0
apropriado;4;0;1;2;1;2;4
apoiador;2;1;2;1;0;3;2
anual;0;0;0;9;2;0;2
anexo;0;1;5;0;7;1;0
anexar;0;0;4;0;9;0;0
andréia;0;0;12;0;0;2;0
alerj;0;0;0;0;1;12;0
advocacia;1;4;4;1;4;0;0
abrigo;6;0;0;1;0;0;6
wyllys;0;8;0;0;0;4;0
vigilância;8;0;2;2;0;0;1
victor;1;9;1;0;2;0;0
triunfo;0;1;2;1;7;0;0
tranquilidade;1;0;3;4;3;1;0
tocantins;5;5;0;0;0;2;0
temor;3;1;1;1;0;0;7
sólido;2;1;0;0;1;0;9
soltura;0;5;6;0;1;0;0
sobretaxa;0;0;0;9;0;1;2
simão;0;0;10;1;0;1;0
sexual;7;2;1;3;0;0;0
severo;2;1;0;4;0;0;6
riso;11;0;0;0;0;1;0
respeitado;0;2;2;6;1;0;2
repercussão;2;3;1;1;0;2;3
relacionamento;0;1;2;1;4;2;2
reclamação;4;2;5;0;2;0;0
racionamento;4;0;0;8;0;0;0
quadrilha;2;6;0;0;0;4;0
prêmio;5;1;0;1;1;2;3
província;4;0;0;2;0;0;7
projétil;0;0;0;0;0;0;13
produtor;0;0;0;11;2;0;0
procurado;0;0;6;2;3;1;1
privilégio;6;2;2;2;0;1;0
privatização;1;0;0;7;2;3;0
prestígio;2;1;2;2;1;2;3
press;2;0;0;0;0;0;11
preencher;1;5;0;0;0;7;0
porte;3;1;0;8;1;0;0
ponderar;4;1;1;2;3;2;0
polarização;9;0;0;3;0;1;0
piorar;3;0;0;3;0;1;3
petrolão;3;0;4;1;2;1;0
perigo;5;1;0;0;1;0;6
percepção;5;0;1;3;0;1;3
palco;8;1;2;0;0;0;0
omissão;5;3;2;1;1;1;0
oeste;5;0;0;1;1;0;6
narrar;6;0;1;1;5;0;0
música;10;0;0;1;0;0;0
motor;2;1;0;1;0;0;9
molina;4;0;7;2;0;0;0
miranda;4;5;0;0;1;1;0
minimizar;0;0;0;5;1;7;0
milionário;2;2;1;5;3;0;0
metropolitano;7;2;4;0;0;0;0
mentiroso;0;0;0;1;10;0;1
mensal;0;0;7;2;2;1;0
melin;0;0;0;1;10;0;0
melhoria;3;0;0;6;4;0;0
may;2;0;0;2;0;1;7
maduro;8;0;0;2;0;3;0
macron;0;0;0;4;1;1;5
líquido;2;0;0;9;1;0;1
lícito;0;2;0;0;11;0;0
limitado;2;1;0;1;0;1;8
leve;4;4;0;0;1;1;3
leite;0;2;1;0;6;2;0
lavrov;0;0;0;0;0;0;12
lavar;2;1;1;0;7;1;1
laus;0;12;0;0;1;0;0
lança;2;0;1;1;0;1;8
kremlin;0;0;0;0;0;0;13
isenção;0;0;2;3;6;0;1
intimidação;5;4;0;0;1;0;3
interessado;4;1;0;3;1;3;1
interceptar;1;0;10;0;0;0;1
integridade;4;2;1;3;1;2;0
injustiça;9;3;0;1;0;0;0
indicador;0;0;0;13;0;0;0
implementar;2;0;0;4;0;4;2
impasse;5;0;1;4;0;0;2
icbm;0;0;0;0;0;0;12
geração;4;0;0;6;0;1;2
garantido;9;0;0;0;1;0;3
fé;2;0;1;8;0;0;0
frequentar;2;1;0;2;7;0;0
frear;4;0;0;1;0;1;7
francês;0;0;0;8;0;0;5
filmar;1;0;7;0;3;1;0
figueiredo;0;4;2;0;1;6;0
fhc;0;0;2;1;1;8;0
ferido;11;0;0;0;0;0;1
falado;0;1;0;1;9;0;2
faixa;4;0;0;2;0;0;0
face;1;1;5;1;0;1;4
fabricar;1;1;0;1;6;0;4
exibir;1;0;1;1;1;2;7
esclarecido;1;1;5;3;2;1;0
escapar;2;2;2;1;0;3;3
enxergar;6;0;0;1;0;4;2
ensino;2;0;0;4;0;4;0
ditador;6;0;0;0;0;0;6
destaque;6;1;0;0;0;2;1
descer;5;0;1;0;0;5;0
delegação;1;1;1;1;0;0;9
delatar;0;0;8;0;5;0;0
cândido;0;1;3;0;5;3;0
culpado;5;4;0;2;1;0;0
cracolândia;8;0;0;0;0;2;0
corresponder;1;0;0;4;6;1;1
correspondente;2;1;0;1;5;0;4
convidar;1;0;3;1;2;1;5
convicção;4;1;5;0;0;2;1
consumidor;2;0;0;7;1;2;0
constranger;0;8;2;1;1;1;0
constituir;1;6;0;4;1;0;1
configurar;0;7;0;2;3;1;0
concentrar;2;1;1;4;1;1;2
computador;4;1;3;0;5;0;0
comparação;1;0;0;12;0;0;0
comida;8;0;0;4;0;0;0
coluna;2;1;1;0;0;9;0
colombo;0;1;1;2;7;2;0
codinome;0;0;0;0;13;0;0
cobertura;1;1;0;2;7;0;2
clinton;3;0;0;0;0;0;10
climático;0;0;0;10;0;0;3
cena;7;1;1;2;0;1;0
caos;10;0;0;1;0;0;2
calendário;1;1;1;0;2;8;0
cabo;1;4;1;0;1;1;3
bush;0;0;0;2;0;0;10
benfica;1;5;2;0;1;0;0
auxílio;3;1;4;2;1;0;2
ativista;8;0;0;3;0;0;0
assassinar;2;4;0;2;0;0;2
apostar;2;4;0;1;0;5;1
aplicado;0;4;0;8;0;0;1
animal;5;0;1;4;3;0;0
al;2;0;1;0;0;4;6
ajufe;0;6;4;0;0;0;0
africano;0;0;0;7;5;1;0
acumular;0;1;2;7;0;2;1
acelerar;0;0;0;4;0;3;6
abrigar;5;0;0;1;4;0;3
abreu;1;0;3;1;1;4;0
abastecer;2;0;0;2;7;0;1
abandonado;10;0;0;0;1;1;0
zezé;3;0;8;0;0;0;0
zelar;1;0;1;6;2;1;0
válido;0;1;0;6;0;2;2
voar;0;0;2;3;0;0;7
vitor;7;0;0;0;2;0;1
vincular;1;0;1;6;2;1;1
vetar;1;1;1;2;1;3;3
vergonha;7;1;1;3;0;0;0
urgente;2;1;0;2;1;1;5
tolerar;2;0;2;5;1;0;2
testemunho;1;0;0;0;11;0;0
sucessivo;3;0;1;4;2;2;0
subsidiário;0;0;1;3;6;0;0
sistêmico;1;0;2;8;0;1;0
sigiloso;0;0;7;1;4;0;0
sequestro;1;2;0;0;7;1;0
segovia;1;1;9;0;1;0;0
santiago;8;0;0;1;1;1;0
sanitário;1;0;2;7;1;1;0
sancionar;5;2;0;1;1;2;1
rosa;1;9;0;2;0;0;0
rival;1;0;2;2;0;2;4
rigoroso;0;1;0;8;0;1;2
resumo;3;6;0;0;1;1;1
resto;4;0;0;3;0;3;1
religioso;5;0;1;2;1;1;0
regalia;0;9;1;2;0;0;0
recorde;2;2;0;5;0;0;3
realizado;1;1;0;4;2;0;4
rastrear;1;0;6;0;4;0;1
pt_sp;1;2;4;0;0;4;0
protocolo;3;2;0;3;0;0;4
propósito;4;3;2;1;1;0;0
proporção;3;0;0;6;0;1;1
presidenta;2;4;4;0;0;0;0
praia;5;0;0;0;2;0;0
popularidade;4;0;0;7;0;1;0
polêmica;5;0;0;0;1;3;3
pesar;2;2;1;4;0;1;2
personalidade;2;2;2;1;1;1;3
personagem;10;0;0;0;1;0;0
pereira;2;1;2;0;6;1;0
perdido;4;0;4;4;0;0;0
penitenciária;0;6;5;0;0;1;0
pedaço;4;3;0;2;0;0;1
pcc;0;0;3;2;0;0;0
parede;8;0;1;1;0;2;0
paralisação;1;0;1;1;0;0;0
paquistão;0;0;0;0;0;0;11
paciente;2;7;0;2;0;0;0
otimista;2;1;1;2;0;3;3
operário;5;0;0;1;1;0;0
ocultar;0;0;0;0;11;0;1
obtido;0;0;3;1;6;2;0
nunes;1;4;1;0;0;6;0
nikki;0;0;0;0;0;0;12
moçambicano;0;0;0;7;4;0;0
motivação;4;2;0;2;1;3;0
marino;6;1;1;1;0;3;0
lindbergh;9;2;1;0;0;0;0
liberado;0;3;1;0;0;0;1
kassab;1;0;0;0;5;5;0
júnior;1;0;3;0;7;0;1
jurista;5;5;1;0;0;1;0
jogador;2;5;1;0;0;3;0
inúmero;0;0;3;5;2;2;0
internar;6;4;0;0;2;0;0
intermediário;1;2;2;0;3;1;3
interferência;5;0;3;2;1;0;1
instrução;5;6;1;0;0;0;0
inspeção;0;0;1;8;1;0;2
inferior;0;2;3;4;3;0;0
indignação;5;1;1;0;0;1;1
incomodar;7;1;1;0;0;1;1
incidente;5;0;0;0;4;0;3
inadmissível;3;5;0;1;1;1;1
imenso;4;0;1;2;1;0;4
huck;2;0;0;0;0;10;0
historiador;11;0;0;0;0;0;1
herdeiro;1;1;3;1;2;2;1
helicóptero;2;0;4;1;1;0;3
guarda;2;1;1;0;2;0;2
gravidez;3;0;0;7;0;1;0
governamental;0;3;0;6;0;0;2
goulart;2;0;2;0;1;3;0
george;0;0;0;2;0;0;10
gastar;2;2;0;5;1;2;0
garoto;2;4;1;1;4;0;0
fúria;0;0;0;0;0;0;11
fraudar;1;2;2;1;5;0;0
fragilidade;1;1;0;8;2;0;0
fracasso;0;0;0;2;0;4;6
fornecimento;0;1;0;2;6;0;3
fixar;2;8;0;1;1;0;0
fgts;0;0;2;3;7;0;0
expansão;0;0;1;7;0;0;4
examinar;1;5;2;3;1;0;0
ex_executivo;1;0;1;0;10;0;0
evolução;3;0;0;4;0;5;0
esporte;7;1;0;1;0;2;0
espanha;3;0;0;4;1;0;4
equivalente;0;0;0;10;1;0;1
engenharia;0;0;1;1;9;0;0
emergência;5;0;0;3;0;0;4
embarcação;3;0;1;0;0;0;8
eficiência;0;1;2;8;0;1;0
eficiente;1;0;0;9;0;1;1
econorte;0;0;1;1;10;0;0
dormir;7;0;0;0;1;2;1
dominar;0;0;0;5;0;2;5
dispositivo;0;0;0;6;0;1;5
disco;9;0;1;0;0;0;0
digno;5;2;1;2;0;1;1
devasso;5;3;4;0;0;0;0
desnuclearização;0;0;0;0;0;0;12
desfecho;3;0;0;2;1;6;0
descoberto;3;4;1;1;3;0;0
desaparecer;3;0;0;3;1;2;3
cuiabá;3;0;1;0;2;1;0
corroborar;1;3;2;0;6;0;0
convocação;4;0;1;0;1;3;0
conferência;5;1;0;0;0;1;4
comprometido;1;0;1;8;2;0;0
coligação;0;1;0;1;5;5;0
coalizão;0;0;0;0;1;6;5
cláusula;0;1;0;5;2;3;0
chico;1;0;1;3;5;0;0
chanceler;1;0;0;1;0;1;9
cautela;0;1;0;0;5;5;1
calcular;3;0;0;4;2;2;0
briga;6;0;2;0;0;2;0
bovino;0;0;1;10;1;0;0
bem_informado;5;0;2;0;0;4;1
batalha;3;1;0;1;0;1;6
bala;1;1;0;0;2;3;2
associated;1;0;0;0;0;0;11
arthur;1;0;0;0;1;8;0
arrecadação;1;1;1;5;4;0;0
armazenamento;0;1;0;1;7;0;3
apagar;2;0;1;3;5;1;0
analisado;0;6;2;0;2;1;1
amarelo;6;0;3;0;0;0;0
aloizio;0;1;10;0;0;0;0
aderir;4;0;1;2;0;2;2
acórdão;1;9;0;0;1;0;0
abc;3;1;1;0;6;0;1
164_a;0;0;0;0;12;0;0
zelote;0;1;4;0;6;0;0